time,ax,ay,az,atotal
0.000,-0.23,-1.40,1.77,2.27
0.010,-0.66,-1.47,1.14,1.98
0.020,-1.04,-1.41,0.26,1.77
0.030,-1.28,-1.10,-0.63,1.80
0.040,-1.24,-0.62,-1.33,1.92
0.050,-1.09,-0.17,-1.72,2.05
0.060,-1.10,0.03,-1.69,2.02
0.070,-1.10,0.00,-1.22,1.65
0.080,-0.94,-0.16,-0.49,1.07
0.090,-0.67,-0.31,0.21,0.77
0.100,-0.40,-0.47,0.80,1.01
0.110,-0.28,-0.64,1.39,1.56
0.120,-0.23,-0.92,1.82,2.05
0.130,-0.26,-1.20,1.86,2.22
0.140,-0.50,-1.39,1.44,2.06
0.150,-0.74,-1.46,0.63,1.75
0.160,-0.85,-1.44,-0.36,1.71
0.170,-0.88,-1.29,-1.29,2.02
0.180,-0.83,-0.98,-1.99,2.37
0.190,-0.72,-0.63,-2.41,2.60
0.200,-0.64,-0.30,-2.54,2.63
0.210,-0.60,-0.02,-2.48,2.55
0.220,-0.51,0.20,-2.30,2.36
0.230,-0.33,0.42,-2.02,2.08
0.240,-0.20,0.58,-1.79,1.89
0.250,-0.15,0.68,-1.63,1.77
0.260,-0.07,0.77,-1.49,1.68
0.270,-0.05,0.80,-1.33,1.55
0.280,-0.11,0.79,-1.08,1.34
0.290,-0.23,0.83,-0.74,1.13
0.300,-0.34,0.89,-0.42,1.04
0.310,-0.37,0.94,-0.20,1.03
0.320,-0.44,0.95,-0.20,1.07
0.330,-0.52,0.95,-0.27,1.11
0.340,-0.56,0.96,-0.34,1.16
0.350,-0.59,1.01,-0.38,1.23
0.360,-0.54,1.03,-0.33,1.21
0.370,-0.54,0.95,-0.14,1.10
0.379,-0.55,0.79,0.19,0.98
0.390,-0.56,0.56,0.62,1.01
0.399,-0.57,0.31,1.07,1.25
0.410,-0.53,0.12,1.51,1.61
0.419,-0.41,0.06,1.79,1.84
0.429,-0.19,0.13,1.83,1.85
0.439,0.05,0.29,1.69,1.71
0.449,0.26,0.38,1.47,1.54
0.459,0.54,0.34,1.25,1.40
0.469,0.70,0.25,1.03,1.27
0.479,0.72,0.12,0.90,1.16
0.489,0.49,0.07,0.80,0.94
0.499,-0.01,0.19,0.70,0.72
0.509,-0.42,0.43,0.46,0.76
0.519,-0.36,0.56,0.10,0.67
0.529,-0.01,0.50,-0.28,0.57
0.539,0.28,0.43,-0.34,0.62
0.549,0.50,0.43,0.05,0.67
0.559,0.75,0.32,0.78,1.13
0.569,1.01,0.11,1.52,1.83
0.579,1.17,-0.11,2.03,2.35
0.589,1.13,-0.22,2.20,2.48
0.599,0.94,-0.34,1.90,2.14
0.609,0.71,-0.54,1.18,1.48
0.619,0.43,-0.77,0.49,1.01
0.629,0.04,-0.97,-0.03,0.97
0.639,-0.26,-1.06,-0.43,1.17
0.649,-0.39,-1.05,-0.71,1.33
0.659,-0.34,-0.94,-0.89,1.34
0.669,-0.25,-0.77,-0.95,1.24
0.679,-0.05,-0.58,-1.06,1.21
0.689,0.22,-0.74,-1.18,1.41
0.699,0.60,-0.86,-1.08,1.50
0.709,0.60,-0.27,-0.50,0.82
0.719,0.74,-0.09,-0.16,0.76
0.729,1.14,-0.06,-0.02,1.14
0.739,1.11,-0.05,0.24,1.14
0.749,0.96,-0.07,0.44,1.06
0.759,0.74,-0.20,0.45,0.89
0.769,0.55,-0.33,0.30,0.70
0.779,0.42,-0.40,0.11,0.59
0.789,0.39,-0.31,-0.21,0.54
0.799,0.36,-0.13,-0.65,0.75
0.809,0.32,0.07,-1.17,1.22
0.819,0.28,0.23,-1.64,1.68
0.829,0.25,0.39,-1.89,1.95
0.839,0.25,0.49,-1.85,1.93
0.849,0.35,0.51,-1.67,1.78
0.859,0.53,0.43,-1.50,1.65
0.869,0.62,0.45,-1.36,1.56
0.879,0.56,0.55,-1.28,1.50
0.889,0.53,0.74,-1.18,1.50
0.899,0.57,0.89,-1.13,1.55
0.909,0.62,0.97,-1.04,1.55
0.919,0.71,0.99,-0.94,1.54
0.929,0.73,0.99,-0.71,1.42
0.939,0.65,1.02,-0.34,1.26
0.949,0.52,1.03,0.04,1.15
0.959,0.35,1.07,0.34,1.17
0.969,0.24,1.07,0.56,1.23
0.978,0.19,0.99,0.62,1.18
0.989,0.07,0.86,0.67,1.09
0.998,-0.03,0.73,0.77,1.07
1.009,-0.04,0.61,0.95,1.13
1.019,0.06,0.44,1.13,1.22
1.029,0.20,0.31,1.33,1.38
1.039,0.41,0.26,1.42,1.50
1.048,0.59,0.26,1.40,1.54
1.058,0.63,0.28,1.40,1.56
1.069,0.56,0.36,1.37,1.53
1.078,0.29,0.47,1.32,1.43
1.089,-0.10,0.62,1.17,1.33
1.098,-0.46,0.72,0.90,1.24
1.109,-0.55,0.66,0.61,1.05
1.118,-0.41,0.42,0.57,0.82
1.128,-0.22,0.10,0.78,0.81
1.138,-0.03,-0.18,1.17,1.18
1.148,0.13,-0.39,1.69,1.74
1.158,0.28,-0.59,2.13,2.23
1.168,0.35,-0.81,2.34,2.50
1.178,0.38,-0.99,2.30,2.53
1.188,0.27,-1.13,1.97,2.29
1.198,0.05,-1.22,1.39,1.85
1.208,-0.32,-1.23,0.70,1.45
1.218,-0.75,-1.20,0.01,1.41
1.228,-1.16,-1.11,-0.66,1.73
1.238,-1.52,-0.95,-1.35,2.24
1.248,-1.70,-0.76,-1.90,2.66
1.258,-1.72,-0.55,-2.10,2.77
1.268,-1.54,-0.39,-1.91,2.49
1.278,-1.23,-0.28,-1.45,1.92
1.288,-0.96,-0.15,-0.82,1.27
1.298,-0.76,-0.07,-0.25,0.80
1.308,-0.55,-0.10,0.18,0.59
1.318,-0.33,-0.21,0.51,0.64
1.328,-0.11,-0.31,0.60,0.68
1.338,-0.02,-0.37,0.44,0.57
1.348,0.00,-0.42,0.12,0.43
1.358,-0.06,-0.41,-0.31,0.51
1.368,-0.14,-0.38,-0.72,0.83
1.378,-0.19,-0.33,-1.07,1.14
1.388,-0.26,-0.29,-1.36,1.41
1.398,-0.34,-0.29,-1.55,1.62
1.408,-0.44,-0.25,-1.74,1.82
1.418,-0.51,-0.20,-1.87,1.95
1.428,-0.53,-0.14,-1.90,1.98
1.438,-0.41,-0.08,-1.87,1.91
1.448,-0.23,0.07,-1.77,1.78
1.458,-0.13,0.23,-1.60,1.62
1.468,-0.06,0.39,-1.40,1.45
1.478,-0.06,0.49,-1.19,1.29
1.488,-0.12,0.55,-1.03,1.17
1.498,-0.25,0.61,-0.93,1.14
1.508,-0.42,0.66,-0.87,1.17
1.518,-0.59,0.68,-0.72,1.15
1.528,-0.67,0.72,-0.43,1.07
1.538,-0.65,0.73,-0.10,0.98
1.548,-0.56,0.75,0.19,0.95
1.558,-0.47,0.75,0.47,1.00
1.568,-0.34,0.71,0.73,1.08
1.578,-0.19,0.64,0.95,1.16
1.588,-0.12,0.56,1.17,1.31
1.598,-0.08,0.58,1.39,1.51
1.608,-0.01,0.60,1.52,1.64
1.618,0.05,0.52,1.60,1.68
1.628,0.06,0.44,1.63,1.69
1.638,0.03,0.29,1.55,1.58
1.648,0.04,0.09,1.52,1.53
1.658,0.06,-0.13,1.59,1.60
1.668,-0.05,-0.28,1.51,1.54
1.677,-0.32,-0.24,1.21,1.27
1.688,-0.62,-0.07,0.76,0.98
1.697,-0.61,0.15,0.26,0.68
1.708,-0.21,0.28,-0.22,0.42
1.717,0.32,0.34,-0.47,0.67
1.727,0.80,0.32,-0.26,0.91
1.737,1.24,0.14,0.38,1.30
1.747,1.48,-0.25,1.20,1.92
1.758,1.31,-0.60,1.79,2.30
1.767,1.09,-0.94,2.06,2.51
1.777,0.76,-1.21,1.95,2.41
1.787,0.34,-1.40,1.39,2.01
1.797,-0.05,-1.48,0.51,1.56
1.807,-0.38,-1.36,-0.35,1.46
1.817,-0.60,-1.05,-0.99,1.57
1.827,-0.68,-0.69,-1.33,1.64
1.837,-0.59,-0.44,-1.38,1.56
1.847,-0.32,-0.32,-1.21,1.29
1.857,0.09,-0.32,-0.83,0.90
1.867,0.42,-0.39,-0.34,0.67
1.877,0.61,-0.50,0.12,0.79
1.887,0.70,-0.60,0.60,1.10
1.897,0.71,-0.65,1.04,1.42
1.907,0.65,-0.64,1.34,1.62
1.917,0.57,-0.59,1.33,1.57
1.927,0.57,-0.55,0.86,1.17
1.937,0.51,-0.44,-0.05,0.67
1.947,0.43,-0.26,-1.12,1.22
1.957,0.44,-0.04,-2.02,2.07
1.967,0.46,0.16,-2.67,2.71
1.977,0.47,0.35,-3.00,3.06
1.987,0.43,0.56,-3.06,3.14
1.997,0.36,0.74,-2.78,2.90
2.007,0.40,0.85,-2.23,2.42
2.017,0.51,0.88,-1.62,1.92
2.027,0.62,0.88,-1.25,1.65
2.037,0.70,0.83,-1.09,1.54
2.047,0.76,0.81,-0.98,1.48
2.057,0.78,0.82,-0.84,1.41
2.067,0.85,0.81,-0.62,1.32
2.077,0.94,0.82,-0.30,1.28
2.087,1.09,0.86,0.03,1.39
2.097,1.15,0.92,0.37,1.52
2.107,1.07,1.03,0.62,1.61
2.117,0.94,1.09,0.79,1.64
2.127,0.74,1.06,0.89,1.57
2.137,0.55,0.97,0.95,1.47
2.147,0.39,0.82,1.14,1.45
2.157,0.31,0.58,1.41,1.55
2.167,0.24,0.32,1.70,1.75
2.177,0.23,0.10,1.96,1.97
2.187,0.30,-0.13,2.12,2.14
2.197,0.39,-0.30,2.16,2.22
2.207,0.43,-0.42,2.12,2.21
2.217,0.46,-0.47,2.01,2.12
2.227,0.39,-0.50,1.73,1.84
2.237,0.09,-0.41,1.24,1.31
2.247,-0.31,-0.19,0.61,0.71
2.257,-0.61,0.00,-0.09,0.61
2.267,-0.72,0.15,-0.66,0.99
2.277,-0.70,0.25,-0.84,1.12
2.287,-0.58,0.30,-0.63,0.91
2.297,-0.31,0.22,-0.10,0.39
2.307,0.09,-0.03,0.62,0.63
2.317,0.42,-0.38,1.30,1.42
2.327,0.51,-0.71,1.75,1.96
2.337,0.37,-0.94,1.93,2.18
2.347,0.08,-1.08,1.76,2.07
2.356,-0.29,-1.16,1.20,1.70
2.366,-0.61,-1.15,0.42,1.36
2.376,-0.80,-1.09,-0.34,1.39
2.387,-0.92,-1.09,-0.91,1.69
2.396,-0.93,-1.08,-1.12,1.81
2.407,-0.87,-1.11,-1.01,1.73
2.416,-0.72,-1.20,-0.61,1.52
2.426,-0.47,-1.27,-0.12,1.36
2.436,-0.28,-1.28,0.29,1.34
2.446,-0.18,-1.26,0.39,1.33
2.456,-0.19,-1.21,0.13,1.23
2.466,-0.25,-1.10,-0.35,1.18
2.476,-0.32,-0.97,-0.87,1.34
2.486,-0.37,-0.74,-1.36,1.59
2.496,-0.51,-0.47,-1.85,1.97
2.506,-0.65,-0.19,-2.28,2.38
2.516,-0.75,0.03,-2.58,2.69
2.526,-0.77,0.18,-2.80,2.91
2.536,-0.80,0.35,-2.89,3.02
2.546,-0.84,0.52,-2.82,2.99
2.556,-0.91,0.70,-2.53,2.77
2.566,-0.88,0.77,-2.09,2.39
2.576,-0.78,0.80,-1.58,1.93
2.586,-0.63,0.83,-1.06,1.49
2.596,-0.49,0.78,-0.60,1.10
2.606,-0.43,0.68,-0.15,0.82
2.616,-0.45,0.60,0.29,0.81
2.626,-0.55,0.53,0.66,1.01
2.636,-0.62,0.48,0.91,1.20
2.646,-0.66,0.45,1.08,1.34
2.656,-0.69,0.47,1.22,1.48
2.666,-0.67,0.50,1.22,1.48
2.676,-0.61,0.60,1.10,1.39
2.686,-0.55,0.75,0.89,1.28
2.696,-0.43,0.90,0.65,1.19
2.706,-0.32,1.01,0.41,1.14
2.716,-0.22,1.06,0.21,1.10
2.726,-0.15,1.05,0.22,1.08
2.736,-0.12,1.03,0.43,1.12
2.746,-0.06,0.93,0.63,1.13
2.756,0.00,0.80,0.79,1.12
2.766,0.05,0.65,0.85,1.08
2.776,0.10,0.51,0.83,0.98
2.786,0.19,0.37,0.76,0.87
2.796,0.29,0.22,0.83,0.91
2.806,0.22,0.12,1.04,1.07
2.816,-0.11,0.10,1.27,1.28
2.826,-0.57,0.18,1.36,1.49
2.836,-0.81,0.31,1.27,1.54
2.846,-0.68,0.39,0.92,1.21
2.856,-0.23,0.38,0.51,0.68
2.866,0.41,0.38,0.33,0.65
2.876,1.01,0.33,0.56,1.20
2.886,1.42,0.15,1.19,1.86
2.896,1.55,-0.22,1.97,2.51
2.906,1.41,-0.68,2.61,3.04
2.916,1.10,-1.17,2.90,3.31
2.926,0.72,-1.66,2.67,3.23
2.936,0.31,-2.07,2.05,2.93
2.946,-0.09,-2.30,1.33,2.65
2.956,-0.36,-2.27,0.63,2.39
2.966,-0.39,-2.05,0.01,2.08
2.976,-0.25,-1.65,-0.42,1.72
2.986,0.01,-1.23,-0.58,1.36
2.995,0.40,-0.83,-0.57,1.08
3.006,0.83,-0.49,-0.56,1.11
3.015,1.18,-0.27,-0.65,1.38
3.026,1.36,-0.14,-0.74,1.55
3.036,1.40,-0.10,-0.75,1.59
3.045,1.26,-0.10,-0.81,1.50
3.055,1.05,-0.17,-1.01,1.47
3.065,0.85,-0.32,-1.38,1.65
3.075,0.63,-0.40,-1.80,1.95
3.086,0.44,-0.39,-2.14,2.22
3.095,0.36,-0.32,-2.38,2.42
3.105,0.41,-0.22,-2.48,2.52
3.115,0.49,-0.09,-2.50,2.55
3.125,0.46,0.08,-2.44,2.48
3.135,0.41,0.27,-2.25,2.31
3.145,0.46,0.43,-2.05,2.15
3.155,0.57,0.55,-1.92,2.07
3.165,0.69,0.60,-1.86,2.07
3.175,0.73,0.62,-1.78,2.02
3.185,0.64,0.62,-1.57,1.81
3.195,0.60,0.64,-1.24,1.52
3.205,0.57,0.72,-0.91,1.30
3.215,0.48,0.72,-0.59,1.05
3.225,0.44,0.67,-0.24,0.84
3.235,0.40,0.57,0.15,0.71
3.245,0.35,0.44,0.59,0.81
3.255,0.23,0.33,1.02,1.10
3.265,0.08,0.24,1.39,1.42
3.275,-0.04,0.17,1.66,1.67
3.285,-0.10,0.16,1.81,1.82
3.295,-0.17,0.18,1.79,1.81
3.305,-0.21,0.26,1.67,1.70
3.315,-0.21,0.37,1.58,1.64
3.325,-0.16,0.39,1.56,1.61
3.335,-0.06,0.39,1.52,1.57
3.345,0.07,0.35,1.43,1.47
3.355,0.23,0.26,1.34,1.38
3.365,0.26,0.19,1.37,1.40
3.375,0.05,0.27,1.44,1.47
3.385,-0.28,0.42,1.32,1.42
3.395,-0.53,0.54,0.89,1.17
3.405,-0.59,0.59,0.34,0.90
3.415,-0.51,0.55,0.01,0.75
3.425,-0.31,0.36,-0.00,0.48
3.435,-0.09,0.13,0.42,0.45
3.445,0.02,-0.23,1.15,1.17
3.455,-0.01,-0.60,1.89,1.98
3.465,-0.16,-0.93,2.38,2.56
3.475,-0.38,-1.22,2.47,2.78
3.485,-0.61,-1.45,2.08,2.60
3.495,-0.88,-1.55,1.24,2.17
3.505,-1.15,-1.44,0.21,1.85
3.515,-1.36,-1.17,-0.70,1.92
3.525,-1.45,-0.85,-1.37,2.17
3.535,-1.39,-0.59,-1.79,2.35
3.545,-1.23,-0.38,-2.02,2.39
3.555,-0.94,-0.23,-1.94,2.17
3.565,-0.64,-0.22,-1.54,1.68
3.575,-0.44,-0.36,-0.89,1.05
3.585,-0.38,-0.56,-0.15,0.69
3.595,-0.40,-0.74,0.43,0.94
3.605,-0.53,-0.86,0.74,1.25
3.615,-0.72,-0.95,0.74,1.40
3.625,-0.87,-1.00,0.32,1.36
3.635,-0.92,-0.99,-0.38,1.40
3.645,-0.93,-0.86,-1.04,1.64
3.655,-1.00,-0.60,-1.57,1.96
3.665,-1.02,-0.32,-1.93,2.20
3.675,-0.96,-0.04,-2.12,2.33
3.684,-0.86,0.21,-2.21,2.38
3.694,-0.72,0.40,-2.17,2.32
3.705,-0.59,0.54,-2.03,2.18
3.714,-0.54,0.64,-1.76,1.95
3.724,-0.57,0.68,-1.42,1.68
3.734,-0.62,0.70,-1.08,1.43
3.744,-0.62,0.67,-0.79,1.20
3.754,-0.60,0.58,-0.59,1.03
3.764,-0.63,0.50,-0.48,0.93
3.774,-0.69,0.50,-0.38,0.93
3.784,-0.74,0.56,-0.29,0.97
3.794,-0.76,0.65,-0.19,1.02
3.804,-0.79,0.73,-0.14,1.09
3.814,-0.89,0.81,-0.11,1.21
3.824,-0.99,0.84,-0.12,1.31
3.834,-1.02,0.84,-0.12,1.32
3.844,-0.96,0.79,0.03,1.25
3.854,-0.82,0.73,0.37,1.15
3.864,-0.69,0.69,0.89,1.32
3.874,-0.58,0.68,1.43,1.69
3.884,-0.50,0.68,1.82,2.00
3.894,-0.36,0.69,2.04,2.18
3.904,-0.24,0.65,1.98,2.10
3.914,-0.13,0.54,1.69,1.78
3.924,-0.05,0.41,1.38,1.44
3.934,0.04,0.24,1.14,1.17
3.944,0.16,0.08,1.11,1.12
3.954,0.20,-0.07,1.21,1.23
3.964,0.06,-0.11,1.40,1.40
3.974,-0.23,0.04,1.59,1.61
3.984,-0.51,0.22,1.58,1.67
3.994,-0.71,0.36,1.26,1.49
4.004,-0.65,0.41,0.75,1.08
4.014,-0.33,0.34,0.33,0.58
4.024,0.13,0.13,0.21,0.28
4.034,0.60,-0.20,0.55,0.84
4.044,0.95,-0.61,1.30,1.72
4.054,1.01,-1.03,1.99,2.46
4.064,0.90,-1.40,2.39,2.91
4.074,0.71,-1.71,2.33,2.97
4.084,0.36,-1.90,1.82,2.66
4.094,-0.06,-2.00,1.02,2.25
4.104,-0.32,-1.96,0.07,1.98
4.114,-0.40,-1.72,-0.81,1.94
4.124,-0.34,-1.29,-1.35,1.90
4.134,-0.20,-0.80,-1.65,1.84
4.144,0.11,-0.32,-1.81,1.85
4.154,0.58,-0.01,-1.84,1.93
4.164,1.03,0.20,-1.62,1.93
4.174,1.30,0.29,-1.17,1.77
4.184,1.49,0.21,-0.54,1.60
4.194,1.57,-0.03,0.11,1.57
4.204,1.47,-0.24,0.66,1.63
4.214,1.20,-0.45,0.88,1.55
4.224,0.88,-0.64,0.80,1.35
4.234,0.63,-0.78,0.47,1.11
4.244,0.45,-0.90,-0.06,1.01
4.254,0.32,-0.93,-0.72,1.22
4.264,0.21,-0.81,-1.38,1.61
4.274,0.13,-0.53,-1.83,1.91
4.284,0.17,-0.19,-2.10,2.12
4.293,0.21,0.12,-2.19,2.21
4.304,0.26,0.39,-2.13,2.18
4.313,0.40,0.56,-2.04,2.15
4.324,0.57,0.73,-1.95,2.16
4.333,0.71,0.84,-1.89,2.19
4.343,0.82,0.93,-1.79,2.18
4.353,0.83,1.01,-1.60,2.07
4.363,0.74,1.01,-1.33,1.83
4.373,0.65,0.91,-0.98,1.49
4.383,0.54,0.77,-0.58,1.11
4.393,0.40,0.62,-0.25,0.78
4.404,0.24,0.52,-0.03,0.57
4.413,0.04,0.45,0.08,0.46
4.423,-0.05,0.47,0.04,0.48
4.433,-0.06,0.54,-0.12,0.55
4.443,-0.04,0.69,-0.30,0.75
4.453,-0.05,0.85,-0.41,0.94
4.463,-0.02,0.99,-0.42,1.07
4.473,0.02,1.11,-0.30,1.14
4.483,0.11,1.15,-0.08,1.16
4.493,0.22,1.10,0.20,1.14
4.503,0.30,0.92,0.60,1.13
4.513,0.29,0.65,1.05,1.27
4.523,0.27,0.32,1.43,1.49
4.533,0.19,0.03,1.79,1.80
4.543,0.10,-0.24,2.15,2.17
4.553,-0.01,-0.45,2.27,2.32
4.563,-0.28,-0.49,2.14,2.22
4.573,-0.80,-0.23,1.75,1.94
4.583,-1.29,0.14,1.08,1.69
4.593,-1.39,0.30,0.33,1.46
4.603,-1.20,0.38,-0.17,1.27
4.613,-1.01,0.49,-0.14,1.13
4.623,-0.65,0.52,0.31,0.89
4.633,-0.12,0.30,1.06,1.11
4.643,0.32,-0.15,1.92,1.96
4.653,0.50,-0.67,2.66,2.79
4.663,0.43,-1.11,3.19,3.41
4.673,0.11,-1.48,3.39,3.70
4.683,-0.35,-1.81,2.96,3.49
4.693,-0.78,-2.05,1.91,2.91
4.703,-1.08,-2.01,0.65,2.38
4.713,-1.25,-1.75,-0.53,2.22
4.723,-1.22,-1.42,-1.44,2.36
4.733,-1.12,-1.06,-2.00,2.53
4.743,-0.94,-0.69,-2.15,2.44
4.753,-0.75,-0.46,-1.88,2.08
4.763,-0.46,-0.40,-1.33,1.47
4.773,-0.11,-0.51,-0.71,0.88
4.783,0.12,-0.63,-0.14,0.66
4.793,0.14,-0.68,0.28,0.75
4.803,0.08,-0.66,0.43,0.79
4.813,-0.04,-0.62,0.28,0.68
4.823,-0.14,-0.54,-0.10,0.56
4.833,-0.22,-0.42,-0.66,0.81
4.843,-0.31,-0.28,-1.24,1.30
4.853,-0.42,-0.11,-1.69,1.75
4.863,-0.44,0.05,-2.00,2.05
4.873,-0.42,0.19,-2.18,2.22
4.883,-0.35,0.27,-2.24,2.28
4.893,-0.23,0.29,-2.22,2.25
4.903,-0.21,0.26,-2.09,2.11
4.913,-0.30,0.23,-1.82,1.85
4.923,-0.40,0.20,-1.51,1.57
4.933,-0.43,0.15,-1.18,1.27
4.943,-0.40,0.15,-0.89,0.98
4.952,-0.39,0.17,-0.67,0.79
4.963,-0.42,0.23,-0.51,0.70
4.973,-0.47,0.32,-0.36,0.67
4.982,-0.52,0.42,-0.21,0.70
4.992,-0.57,0.52,-0.05,0.77
5.003,-0.59,0.58,0.15,0.84
5.012,-0.59,0.57,0.32,0.88
5.022,-0.61,0.57,0.38,0.91
5.032,-0.60,0.54,0.44,0.92
5.042,-0.52,0.49,0.50,0.87
5.052,-0.42,0.44,0.57,0.83
5.062,-0.33,0.39,0.71,0.88
5.072,-0.27,0.31,0.91,1.00
5.082,-0.20,0.22,1.12,1.16
5.092,-0.16,0.07,1.28,1.29
5.102,-0.12,-0.05,1.36,1.37
5.112,-0.11,-0.13,1.37,1.38
5.122,-0.04,-0.14,1.31,1.32
5.132,0.09,-0.11,1.17,1.18
5.142,0.21,-0.00,0.99,1.01
5.152,0.28,0.10,0.79,0.84
5.162,0.23,0.14,0.65,0.70
5.172,-0.08,0.28,0.50,0.58
5.182,-0.41,0.44,0.28,0.66
5.192,-0.49,0.49,-0.01,0.69
5.202,-0.33,0.48,-0.27,0.64
5.212,-0.03,0.44,-0.46,0.63
5.222,0.37,0.41,-0.52,0.76
5.232,0.74,0.35,-0.28,0.87
5.242,1.00,0.17,0.11,1.02
5.252,1.20,-0.08,0.43,1.28
5.262,1.27,-0.28,0.63,1.45
5.272,1.16,-0.43,0.70,1.42
5.282,0.98,-0.56,0.64,1.30
5.292,0.69,-0.63,0.48,1.05
5.302,0.34,-0.60,0.25,0.73
5.312,0.04,-0.53,-0.05,0.54
5.322,-0.18,-0.48,-0.26,0.58
5.332,-0.28,-0.46,-0.44,0.69
5.342,-0.12,-0.50,-0.53,0.74
5.352,0.19,-0.60,-0.35,0.72
5.362,0.49,-0.66,0.22,0.85
5.372,0.67,-0.66,1.08,1.43
5.382,0.85,-0.68,1.94,2.22
5.392,1.04,-0.65,2.51,2.79
5.402,1.09,-0.60,2.82,3.08
5.412,1.09,-0.50,2.62,2.89
5.422,1.06,-0.48,1.82,2.16
5.432,0.92,-0.49,0.68,1.24
5.442,0.66,-0.37,-0.35,0.83
5.452,0.43,-0.15,-1.16,1.25
5.462,0.31,0.06,-1.81,1.84
5.472,0.29,0.22,-2.24,2.27
5.482,0.28,0.35,-2.47,2.51
5.492,0.33,0.52,-2.49,2.56
5.502,0.41,0.69,-2.36,2.49
5.512,0.49,0.79,-2.17,2.36
5.522,0.56,0.88,-1.97,2.23
5.532,0.58,0.94,-1.81,2.11
5.542,0.52,0.96,-1.66,1.98
5.552,0.43,0.96,-1.50,1.83
5.562,0.40,0.87,-1.40,1.69
5.572,0.44,0.76,-1.25,1.53
5.582,0.46,0.69,-1.04,1.33
5.592,0.42,0.61,-0.73,1.04
5.602,0.31,0.53,-0.34,0.70
5.611,0.20,0.44,0.06,0.48
5.622,0.12,0.36,0.40,0.55
5.631,0.06,0.30,0.65,0.72
5.642,-0.05,0.33,0.77,0.84
5.651,-0.14,0.45,0.72,0.86
5.661,-0.12,0.55,0.54,0.78
5.671,-0.02,0.60,0.35,0.70
5.681,0.07,0.66,0.32,0.73
5.691,0.08,0.69,0.45,0.82
5.701,0.14,0.62,0.68,0.93
5.711,0.21,0.50,0.88,1.03
5.721,0.31,0.30,0.97,1.06
5.731,0.38,0.17,1.05,1.13
5.741,0.31,0.12,1.09,1.14
5.751,0.00,0.15,1.11,1.13
5.761,-0.50,0.32,0.96,1.13
5.771,-1.01,0.53,0.51,1.25
5.781,-1.15,0.62,0.01,1.31
5.791,-0.98,0.60,-0.17,1.16
5.801,-0.70,0.61,0.15,0.94
5.811,-0.39,0.50,0.80,1.02
5.821,0.06,0.07,1.60,1.60
5.831,0.55,-0.49,2.44,2.55
5.841,0.79,-0.96,3.19,3.42
5.851,0.73,-1.31,3.69,3.98
5.861,0.47,-1.54,3.69,4.03
5.871,0.12,-1.81,2.97,3.48
5.881,-0.36,-1.94,1.76,2.64
5.891,-0.82,-1.88,0.27,2.07
5.901,-1.10,-1.62,-1.24,2.32
5.911,-1.24,-1.25,-2.39,2.97
5.921,-1.27,-0.84,-3.09,3.44
5.931,-1.24,-0.50,-3.38,3.63
5.941,-1.02,-0.29,-3.15,3.32
5.951,-0.61,-0.16,-2.35,2.43
5.961,-0.17,-0.22,-1.23,1.26
5.971,0.07,-0.38,-0.14,0.41
5.981,0.16,-0.57,0.65,0.88
5.991,0.15,-0.78,1.09,1.35
6.001,0.02,-0.95,1.22,1.55
6.011,-0.12,-1.09,1.08,1.54
6.021,-0.23,-1.14,0.65,1.33
6.031,-0.30,-1.07,0.05,1.11
6.041,-0.36,-0.85,-0.59,1.09
6.051,-0.42,-0.51,-1.11,1.30
6.061,-0.37,-0.15,-1.44,1.49
6.071,-0.20,0.05,-1.57,1.59
6.081,-0.11,0.20,-1.58,1.60
6.091,-0.07,0.28,-1.56,1.59
6.101,-0.10,0.23,-1.52,1.54
6.111,-0.11,0.09,-1.42,1.43
6.121,-0.20,-0.08,-1.30,1.32
6.131,-0.28,-0.16,-1.15,1.19
6.141,-0.40,-0.14,-0.95,1.04
6.151,-0.52,-0.00,-0.72,0.89
6.161,-0.57,0.20,-0.52,0.79
6.171,-0.58,0.38,-0.36,0.78
6.181,-0.58,0.53,-0.31,0.84
6.191,-0.60,0.64,-0.33,0.93
6.201,-0.61,0.66,-0.32,0.95
6.210,-0.64,0.61,-0.27,0.93
6.221,-0.64,0.57,-0.09,0.86
6.231,-0.64,0.49,0.25,0.84
6.241,-0.68,0.40,0.64,1.01
6.251,-0.70,0.31,0.97,1.24
6.261,-0.70,0.26,1.11,1.33
6.271,-0.59,0.29,1.06,1.25
6.281,-0.37,0.35,0.85,0.99
6.290,-0.14,0.44,0.62,0.78
6.301,0.06,0.52,0.48,0.71
6.310,0.26,0.55,0.46,0.76
6.321,0.43,0.53,0.54,0.87
6.331,0.48,0.41,0.65,0.90
6.341,0.35,0.22,0.75,0.86
6.350,-0.10,0.16,0.85,0.87
6.360,-0.66,0.28,0.81,1.08
6.370,-0.90,0.38,0.53,1.11
6.380,-0.80,0.30,0.15,0.86
6.390,-0.45,0.17,-0.16,0.50
6.400,-0.03,0.08,-0.26,0.27
6.410,0.46,-0.11,-0.04,0.48
6.420,0.93,-0.38,0.54,1.14
6.430,1.26,-0.70,1.19,1.87
6.440,1.38,-0.98,1.74,2.43
6.450,1.29,-1.24,2.04,2.71
6.460,1.02,-1.44,1.94,2.62
6.470,0.62,-1.57,1.52,2.27
6.480,0.17,-1.58,0.89,1.82
6.490,-0.26,-1.35,0.26,1.40
6.500,-0.55,-1.06,-0.30,1.23
6.510,-0.62,-0.82,-0.69,1.24
6.520,-0.38,-0.60,-0.85,1.10
6.530,0.03,-0.42,-0.77,0.88
6.540,0.48,-0.25,-0.40,0.68
6.550,0.85,-0.16,0.17,0.88
6.560,1.08,-0.22,0.74,1.33
6.570,1.20,-0.31,1.26,1.77
6.580,1.12,-0.35,1.61,1.99
6.590,0.93,-0.36,1.63,1.91
6.600,0.76,-0.43,1.27,1.54
6.610,0.59,-0.51,0.64,1.01
6.620,0.41,-0.51,-0.07,0.66
6.630,0.32,-0.40,-0.70,0.87
6.640,0.32,-0.20,-1.24,1.30
6.650,0.36,-0.01,-1.63,1.67
6.660,0.40,0.22,-1.85,1.90
6.670,0.43,0.43,-1.94,2.03
6.680,0.46,0.61,-1.92,2.06
6.690,0.48,0.73,-1.86,2.06
6.700,0.50,0.77,-1.77,1.99
6.710,0.51,0.70,-1.65,1.86
6.720,0.54,0.59,-1.49,1.68
6.730,0.52,0.43,-1.30,1.46
6.740,0.42,0.37,-1.00,1.14
6.750,0.29,0.37,-0.66,0.81
6.760,0.23,0.38,-0.33,0.55
6.770,0.25,0.35,-0.12,0.45
6.780,0.25,0.33,-0.00,0.41
6.790,0.24,0.29,0.12,0.39
6.800,0.24,0.25,0.32,0.48
6.810,0.27,0.22,0.52,0.63
6.820,0.29,0.20,0.63,0.72
6.830,0.24,0.25,0.67,0.75
6.840,0.20,0.32,0.58,0.70
6.850,0.17,0.45,0.43,0.64
6.860,0.11,0.58,0.18,0.62
6.870,0.02,0.67,-0.09,0.68
6.880,-0.01,0.67,-0.34,0.75
6.890,0.03,0.66,-0.39,0.77
6.900,0.09,0.65,-0.21,0.69
6.910,0.20,0.62,0.09,0.65
6.919,0.26,0.50,0.46,0.73
6.929,0.26,0.30,0.76,0.86
6.940,0.29,0.07,1.03,1.08
6.949,0.08,-0.03,1.21,1.21
6.960,-0.44,0.06,1.13,1.22
6.969,-0.98,0.27,0.70,1.23
6.979,-1.24,0.41,0.01,1.30
6.989,-1.20,0.43,-0.52,1.38
6.999,-1.03,0.42,-0.61,1.27
7.009,-0.73,0.34,-0.22,0.84
7.019,-0.25,0.03,0.66,0.71
7.029,0.25,-0.49,1.70,1.78
7.039,0.56,-1.01,2.58,2.82
7.049,0.57,-1.34,3.28,3.59
7.059,0.36,-1.50,3.62,3.93
7.069,0.13,-1.60,3.37,3.73
7.079,-0.17,-1.65,2.38,2.90
7.089,-0.42,-1.57,0.92,1.87
7.099,-0.52,-1.28,-0.58,1.50
7.109,-0.61,-0.86,-1.80,2.09
7.119,-0.63,-0.46,-2.58,2.69
7.129,-0.54,-0.19,-2.91,2.97
7.139,-0.47,-0.01,-2.67,2.71
7.149,-0.34,0.09,-1.83,1.86
7.159,-0.09,-0.07,-0.71,0.71
7.169,0.04,-0.36,0.27,0.45
7.179,-0.00,-0.67,0.90,1.12
7.189,-0.14,-0.91,1.13,1.46
7.199,-0.35,-1.07,1.03,1.53
7.209,-0.53,-1.14,0.61,1.40
7.219,-0.65,-1.09,-0.11,1.28
7.229,-0.65,-0.87,-0.94,1.44
7.239,-0.61,-0.46,-1.59,1.77
7.249,-0.54,-0.03,-2.05,2.12
7.259,-0.42,0.32,-2.27,2.34
7.269,-0.36,0.57,-2.29,2.39
7.279,-0.34,0.68,-2.11,2.24
7.289,-0.35,0.63,-1.73,1.87
7.299,-0.38,0.43,-1.26,1.38
7.309,-0.44,0.16,-0.83,0.95
7.319,-0.55,-0.07,-0.48,0.73
7.329,-0.60,-0.18,-0.16,0.64
7.339,-0.62,-0.21,0.08,0.66
7.349,-0.69,-0.15,0.19,0.73
7.359,-0.68,-0.02,0.20,0.71
7.369,-0.60,0.13,0.12,0.63
7.379,-0.58,0.29,-0.05,0.65
7.389,-0.61,0.43,-0.19,0.77
7.399,-0.66,0.51,-0.28,0.87
7.409,-0.66,0.53,-0.25,0.88
7.419,-0.65,0.49,-0.18,0.83
7.429,-0.68,0.48,-0.05,0.83
7.439,-0.72,0.49,0.08,0.88
7.449,-0.71,0.52,0.17,0.90
7.459,-0.60,0.56,0.26,0.86
7.469,-0.45,0.60,0.32,0.81
7.479,-0.29,0.61,0.37,0.77
7.489,-0.15,0.58,0.54,0.81
7.499,-0.10,0.51,0.78,0.94
7.509,-0.05,0.38,0.96,1.03
7.519,0.03,0.28,1.03,1.07
7.528,0.12,0.20,0.99,1.02
7.539,0.20,0.16,0.87,0.91
7.549,0.15,0.15,0.83,0.86
7.559,-0.08,0.27,0.85,0.90
7.568,-0.36,0.51,0.82,1.03
7.579,-0.49,0.71,0.59,1.05
7.589,-0.45,0.79,0.22,0.94
7.599,-0.24,0.74,-0.09,0.78
7.608,0.21,0.52,-0.21,0.60
7.618,0.73,0.16,0.06,0.74
7.628,1.07,-0.17,0.85,1.37
7.639,1.21,-0.49,1.78,2.21
7.648,1.21,-0.83,2.48,2.88
7.658,1.15,-1.09,2.88,3.29
7.668,0.96,-1.32,2.80,3.24
7.678,0.69,-1.49,2.27,2.80
7.688,0.40,-1.58,1.35,2.11
7.698,0.18,-1.52,0.32,1.57
7.708,0.11,-1.27,-0.54,1.39
7.718,0.07,-0.89,-1.12,1.43
7.728,0.10,-0.56,-1.44,1.55
7.738,0.25,-0.35,-1.56,1.62
7.748,0.44,-0.25,-1.40,1.49
7.758,0.63,-0.19,-0.87,1.09
7.768,0.84,-0.24,-0.15,0.88
7.778,1.02,-0.40,0.49,1.20
7.788,1.12,-0.62,0.91,1.57
7.798,1.05,-0.79,1.09,1.70
7.808,0.86,-0.88,0.96,1.56
7.818,0.66,-0.89,0.49,1.21
7.828,0.50,-0.83,-0.24,1.00
7.838,0.37,-0.65,-0.99,1.24
7.848,0.35,-0.45,-1.55,1.65
7.858,0.42,-0.22,-1.93,1.99
7.868,0.47,0.06,-2.20,2.25
7.878,0.47,0.32,-2.37,2.44
7.888,0.40,0.53,-2.47,2.55
7.898,0.32,0.67,-2.53,2.64
7.908,0.29,0.76,-2.53,2.65
7.918,0.31,0.82,-2.45,2.60
7.928,0.41,0.87,-2.26,2.46
7.938,0.45,0.91,-1.94,2.19
7.948,0.46,0.95,-1.50,1.83
7.958,0.42,0.97,-1.01,1.46
7.968,0.40,0.97,-0.61,1.22
7.978,0.41,0.93,-0.28,1.05
7.988,0.42,0.89,0.02,0.98
7.998,0.43,0.79,0.34,0.96
8.008,0.46,0.67,0.71,1.08
8.018,0.47,0.53,1.01,1.23
8.028,0.39,0.38,1.24,1.36
8.038,0.22,0.30,1.41,1.46
8.048,0.03,0.27,1.47,1.49
8.058,-0.12,0.23,1.37,1.39
8.068,-0.16,0.25,1.21,1.24
8.078,-0.06,0.40,1.05,1.12
8.088,0.07,0.57,0.90,1.07
8.098,0.27,0.74,0.87,1.17
8.108,0.42,0.78,0.97,1.31
8.118,0.50,0.76,1.17,1.48
8.128,0.55,0.68,1.36,1.62
8.138,0.54,0.59,1.58,1.77
8.148,0.52,0.51,1.68,1.83
8.158,0.49,0.39,1.58,1.70
8.168,0.34,0.36,1.31,1.40
8.178,-0.07,0.47,1.02,1.13
8.188,-0.58,0.71,0.60,1.09
8.198,-0.83,0.84,0.02,1.19
8.208,-0.80,0.82,-0.42,1.23
8.218,-0.76,0.78,-0.56,1.23
8.228,-0.79,0.74,-0.35,1.14
8.238,-0.68,0.65,0.04,0.94
8.247,-0.36,0.38,0.57,0.77
8.258,0.10,-0.05,1.18,1.18
8.267,0.54,-0.47,1.74,1.89
8.278,0.71,-0.84,2.11,2.38
8.287,0.66,-1.11,2.32,2.65
8.297,0.41,-1.26,2.27,2.63
8.307,0.02,-1.33,1.70,2.16
8.317,-0.35,-1.30,0.66,1.50
8.327,-0.65,-1.17,-0.50,1.43
8.337,-0.90,-0.95,-1.44,1.94
8.347,-1.01,-0.78,-2.05,2.41
8.357,-0.95,-0.67,-2.31,2.59
8.367,-0.85,-0.57,-2.10,2.34
8.377,-0.58,-0.55,-1.33,1.55
8.387,-0.21,-0.67,-0.30,0.77
8.397,0.03,-0.83,0.60,1.03
8.408,0.07,-0.99,1.16,1.53
8.417,-0.03,-1.09,1.35,1.73
8.427,-0.16,-1.13,1.11,1.59
8.437,-0.27,-1.12,0.54,1.27
8.447,-0.29,-1.00,-0.30,1.08
8.457,-0.32,-0.71,-1.08,1.33
8.467,-0.38,-0.32,-1.68,1.75
8.477,-0.33,-0.00,-2.09,2.12
8.487,-0.23,0.26,-2.31,2.34
8.497,-0.17,0.49,-2.39,2.44
8.507,-0.14,0.65,-2.36,2.45
8.517,-0.13,0.71,-2.17,2.29
8.527,-0.11,0.66,-1.73,1.86
8.537,-0.12,0.48,-1.16,1.27
8.547,-0.13,0.25,-0.56,0.63
8.557,-0.23,0.07,-0.16,0.29
8.567,-0.38,0.00,0.03,0.38
8.577,-0.54,-0.00,0.02,0.54
8.587,-0.68,0.09,-0.18,0.71
8.597,-0.72,0.27,-0.36,0.85
8.607,-0.66,0.49,-0.49,0.96
8.617,-0.51,0.69,-0.47,0.98
8.627,-0.37,0.87,-0.29,0.99
8.637,-0.28,1.00,0.02,1.04
8.647,-0.21,1.09,0.37,1.17
8.657,-0.19,1.13,0.64,1.31
8.667,-0.16,1.15,0.79,1.41
8.677,-0.09,1.13,0.80,1.39
8.687,-0.05,1.10,0.72,1.31
8.697,-0.06,1.04,0.61,1.21
8.707,-0.09,0.97,0.52,1.11
8.717,-0.10,0.89,0.53,1.04
8.727,-0.13,0.80,0.65,1.04
8.737,-0.09,0.70,0.81,1.07
8.747,-0.00,0.61,0.90,1.09
8.757,0.18,0.46,0.94,1.06
8.767,0.32,0.32,0.98,1.08
8.777,0.35,0.22,1.05,1.13
8.787,0.19,0.19,1.17,1.20
8.797,-0.28,0.30,1.25,1.32
8.807,-0.72,0.46,1.09,1.39
8.817,-0.82,0.45,0.74,1.20
8.827,-0.64,0.30,0.46,0.84
8.837,-0.29,0.19,0.35,0.50
8.847,0.15,0.11,0.39,0.43
8.857,0.70,-0.09,0.61,0.93
8.867,1.18,-0.48,1.00,1.62
8.877,1.40,-0.88,1.36,2.14
8.887,1.32,-1.19,1.62,2.41
8.896,0.98,-1.43,1.61,2.36
8.907,0.55,-1.67,1.22,2.14
8.917,0.17,-1.86,0.64,1.97
8.926,-0.11,-1.88,0.02,1.88
8.937,-0.34,-1.72,-0.65,1.87
8.946,-0.43,-1.52,-1.16,1.96
8.957,-0.40,-1.28,-1.42,1.95
8.966,-0.29,-1.02,-1.46,1.81
8.977,-0.09,-0.76,-1.32,1.53
8.986,0.24,-0.57,-1.06,1.23
8.996,0.52,-0.44,-0.66,0.95
9.006,0.68,-0.36,-0.25,0.81
9.016,0.68,-0.34,0.05,0.76
9.026,0.56,-0.33,0.20,0.68
9.036,0.41,-0.33,0.19,0.56
9.046,0.23,-0.33,-0.03,0.40
9.057,0.08,-0.34,-0.42,0.55
9.066,-0.07,-0.33,-0.85,0.91
9.076,-0.18,-0.25,-1.18,1.22
9.086,-0.21,-0.15,-1.35,1.37
9.096,-0.16,0.00,-1.33,1.34
9.106,-0.09,0.15,-1.17,1.19
9.116,0.05,0.28,-0.99,1.03
9.126,0.13,0.38,-0.82,0.92
9.136,0.20,0.45,-0.77,0.92
9.146,0.26,0.49,-0.77,0.95
9.156,0.36,0.46,-0.81,1.00
9.166,0.46,0.45,-0.81,1.04
9.176,0.50,0.45,-0.73,1.00
9.186,0.54,0.47,-0.59,0.93
9.196,0.58,0.52,-0.42,0.89
9.206,0.59,0.58,-0.24,0.86
9.216,0.55,0.66,-0.12,0.87
9.226,0.47,0.77,-0.04,0.90
9.236,0.38,0.89,-0.04,0.97
9.246,0.37,0.97,-0.12,1.05
9.256,0.40,1.04,-0.24,1.14
9.266,0.40,1.13,-0.31,1.24
9.276,0.43,1.21,-0.29,1.31
9.286,0.44,1.24,-0.22,1.34
9.296,0.44,1.27,-0.03,1.34
9.306,0.45,1.27,0.25,1.37
9.316,0.45,1.18,0.56,1.38
9.326,0.45,1.04,0.83,1.40
9.336,0.41,0.89,1.06,1.44
9.346,0.41,0.70,1.27,1.50
9.356,0.40,0.49,1.41,1.54
9.366,0.35,0.28,1.39,1.46
9.376,0.19,0.17,1.25,1.28
9.386,-0.17,0.22,1.01,1.05
9.396,-0.64,0.43,0.65,1.01
9.406,-0.91,0.68,0.23,1.16
9.416,-0.81,0.73,-0.08,1.09
9.426,-0.44,0.71,-0.07,0.84
9.436,-0.08,0.69,0.33,0.76
9.446,0.27,0.55,1.10,1.26
9.456,0.56,0.12,1.87,1.95
9.466,0.78,-0.41,2.49,2.64
9.476,0.69,-0.80,3.00,3.18
9.486,0.43,-1.13,3.17,3.40
9.496,0.04,-1.45,2.72,3.08
9.506,-0.42,-1.67,1.70,2.42
9.516,-0.83,-1.70,0.41,1.94
9.526,-1.17,-1.47,-0.74,2.02
9.536,-1.32,-1.15,-1.61,2.38
9.545,-1.31,-0.89,-2.21,2.72
9.556,-1.26,-0.66,-2.43,2.81
9.565,-1.13,-0.46,-2.04,2.38
9.576,-0.87,-0.46,-1.16,1.52
9.585,-0.58,-0.70,-0.10,0.91
9.595,-0.44,-0.98,0.79,1.34
9.605,-0.41,-1.20,1.33,1.84
9.616,-0.46,-1.30,1.55,2.08
9.625,-0.54,-1.34,1.40,2.01
9.635,-0.60,-1.36,0.83,1.70
9.645,-0.68,-1.22,-0.04,1.40
9.655,-0.77,-0.90,-0.89,1.48
9.665,-0.81,-0.57,-1.59,1.87
9.675,-0.78,-0.25,-2.07,2.23
9.685,-0.68,0.03,-2.31,2.41
9.696,-0.55,0.22,-2.31,2.39
9.705,-0.47,0.36,-2.19,2.27
9.715,-0.43,0.42,-1.92,2.01
9.725,-0.38,0.40,-1.45,1.55
9.735,-0.32,0.31,-0.92,1.02
9.745,-0.25,0.13,-0.49,0.57
9.755,-0.27,-0.04,-0.21,0.35
9.765,-0.37,-0.13,-0.15,0.42
9.775,-0.39,-0.12,-0.23,0.47
9.785,-0.31,-0.03,-0.40,0.51
9.795,-0.28,0.18,-0.61,0.69
9.805,-0.25,0.45,-0.78,0.94
9.815,-0.22,0.62,-0.86,1.08
9.825,-0.16,0.71,-0.81,1.09
9.835,-0.15,0.80,-0.60,1.01
9.845,-0.20,0.82,-0.35,0.91
9.855,-0.25,0.83,-0.06,0.86
9.865,-0.25,0.76,0.22,0.83
9.875,-0.27,0.63,0.49,0.84
9.885,-0.34,0.51,0.77,0.99
9.895,-0.45,0.39,1.02,1.18
9.905,-0.47,0.27,1.24,1.35
9.915,-0.37,0.18,1.32,1.38
9.925,-0.24,0.15,1.30,1.33
9.935,-0.07,0.23,1.29,1.31
9.945,0.13,0.32,1.32,1.36
9.955,0.32,0.44,1.31,1.42
9.965,0.39,0.50,1.27,1.42
9.975,0.40,0.47,1.25,1.39
9.985,0.37,0.40,1.17,1.29
9.995,0.17,0.30,1.04,1.10
10.005,-0.25,0.37,0.82,0.93
10.015,-0.67,0.61,0.42,1.00
10.025,-0.79,0.84,-0.04,1.15
10.035,-0.51,0.97,-0.43,1.18
10.045,-0.15,1.10,-0.59,1.26
10.055,0.26,1.17,-0.51,1.31
10.065,0.78,1.04,-0.13,1.31
10.075,1.14,0.69,0.46,1.41
10.085,1.24,0.29,1.00,1.62
10.095,1.14,-0.07,1.34,1.76
10.105,0.89,-0.39,1.41,1.72
10.115,0.60,-0.75,1.19,1.53
10.125,0.23,-1.03,0.79,1.32
10.135,-0.06,-1.23,0.30,1.27
10.145,-0.13,-1.33,-0.13,1.34
10.155,-0.12,-1.31,-0.29,1.34
10.165,-0.14,-1.21,-0.15,1.22
10.175,-0.16,-1.12,0.20,1.15
10.185,-0.03,-1.12,0.51,1.23
10.195,0.22,-1.24,0.63,1.41
10.205,0.44,-1.30,0.63,1.51
10.215,0.54,-1.21,0.61,1.46
10.225,0.58,-1.02,0.48,1.27
10.234,0.63,-0.80,0.25,1.05
10.244,0.65,-0.53,-0.05,0.84
10.255,0.67,-0.30,-0.49,0.88
10.264,0.66,-0.13,-1.04,1.24
10.275,0.64,-0.06,-1.49,1.62
10.284,0.60,-0.03,-1.79,1.89
10.294,0.47,-0.00,-1.94,2.00
10.304,0.28,0.02,-1.93,1.95
10.314,0.14,-0.01,-1.86,1.87
10.324,0.12,-0.02,-1.79,1.79
10.334,0.13,-0.02,-1.69,1.70
10.344,0.07,0.06,-1.63,1.64
10.354,0.04,0.17,-1.48,1.49
10.364,0.07,0.21,-1.32,1.33
10.374,0.12,0.24,-1.14,1.17
10.384,0.17,0.26,-0.97,1.02
10.394,0.26,0.19,-0.74,0.81
10.404,0.28,0.14,-0.49,0.59
10.414,0.25,0.11,-0.30,0.40
10.424,0.19,0.18,-0.10,0.28
10.434,0.13,0.29,0.08,0.32
10.444,0.08,0.41,0.19,0.46
10.454,0.05,0.46,0.19,0.50
10.464,-0.00,0.50,0.17,0.53
10.474,-0.05,0.59,0.21,0.63
10.484,-0.04,0.63,0.27,0.68
10.494,-0.01,0.60,0.41,0.73
10.504,0.02,0.55,0.69,0.88
10.514,0.09,0.49,1.00,1.12
10.524,0.15,0.40,1.16,1.23
10.534,0.21,0.31,1.19,1.24
10.544,0.32,0.21,1.12,1.18
10.554,0.31,0.18,1.00,1.06
10.564,0.25,0.15,0.85,0.89
10.574,0.15,0.12,0.79,0.81
10.584,-0.17,0.20,0.85,0.89
10.594,-0.61,0.39,0.75,1.04
10.604,-0.84,0.52,0.42,1.07
10.614,-0.78,0.51,0.11,0.94
10.624,-0.56,0.49,0.10,0.75
10.634,-0.16,0.35,0.46,0.60
10.644,0.28,0.04,1.16,1.19
10.654,0.57,-0.48,1.83,1.98
10.664,0.74,-0.91,2.45,2.71
10.674,0.68,-1.14,2.88,3.17
10.684,0.51,-1.24,2.87,3.16
10.694,0.28,-1.32,2.27,2.64
10.704,-0.05,-1.29,1.15,1.73
10.714,-0.42,-1.08,-0.20,1.17
10.724,-0.64,-0.65,-1.39,1.66
10.734,-0.76,-0.27,-2.23,2.37
10.745,-0.87,0.03,-2.66,2.80
10.754,-0.92,0.24,-2.66,2.82
10.764,-0.83,0.24,-2.11,2.28
10.774,-0.59,0.04,-1.07,1.23
10.784,-0.32,-0.25,0.04,0.41
10.794,-0.15,-0.51,0.87,1.01
10.804,-0.15,-0.72,1.30,1.49
10.814,-0.18,-0.82,1.46,1.68
10.824,-0.35,-0.84,1.40,1.67
10.834,-0.53,-0.83,1.01,1.41
10.844,-0.67,-0.77,0.35,1.08
10.854,-0.74,-0.63,-0.33,1.03
10.863,-0.78,-0.41,-0.85,1.22
10.874,-0.74,-0.15,-1.19,1.41
10.883,-0.68,0.06,-1.36,1.52
10.894,-0.64,0.20,-1.37,1.53
10.903,-0.58,0.27,-1.36,1.51
10.913,-0.49,0.34,-1.37,1.49
10.923,-0.45,0.35,-1.27,1.39
10.933,-0.42,0.33,-1.13,1.25
10.943,-0.41,0.28,-0.94,1.07
10.953,-0.40,0.19,-0.75,0.87
10.963,-0.41,0.13,-0.54,0.69
10.973,-0.45,0.07,-0.38,0.59
10.983,-0.49,-0.00,-0.32,0.59
10.993,-0.55,-0.02,-0.35,0.65
11.003,-0.61,-0.02,-0.44,0.76
11.013,-0.66,0.02,-0.55,0.86
11.023,-0.70,0.11,-0.60,0.94
11.033,-0.70,0.19,-0.62,0.95
11.043,-0.72,0.32,-0.64,1.02
11.053,-0.71,0.45,-0.68,1.08
11.063,-0.66,0.53,-0.57,1.02
11.073,-0.57,0.47,-0.31,0.81
11.083,-0.49,0.36,-0.05,0.61
11.093,-0.43,0.30,0.28,0.60
11.103,-0.40,0.27,0.62,0.79
11.113,-0.32,0.25,0.95,1.03
11.123,-0.18,0.18,1.13,1.16
11.133,-0.04,0.14,1.17,1.18
11.143,0.09,0.17,1.22,1.23
11.153,0.21,0.18,1.26,1.29
11.163,0.35,0.12,1.21,1.26
11.173,0.33,0.06,1.05,1.10
11.183,0.03,0.18,0.80,0.82
11.193,-0.41,0.46,0.45,0.76
11.203,-0.73,0.63,-0.01,0.97
11.213,-0.76,0.71,-0.41,1.11
11.223,-0.56,0.77,-0.57,1.11
11.233,-0.20,0.74,-0.38,0.86
11.243,0.28,0.56,0.18,0.65
11.253,0.80,0.08,0.94,1.24
11.263,1.21,-0.53,1.58,2.06
11.273,1.37,-1.02,2.03,2.65
11.283,1.21,-1.37,2.31,2.94
11.293,0.79,-1.59,2.26,2.88
11.303,0.30,-1.69,1.76,2.46
11.313,-0.04,-1.75,0.79,1.92
11.323,-0.23,-1.68,-0.36,1.74
11.333,-0.48,-1.26,-1.20,1.81
11.343,-0.72,-0.78,-1.68,1.98
11.353,-0.64,-0.48,-1.85,2.01
11.363,-0.36,-0.31,-1.68,1.75
11.373,-0.07,-0.19,-1.15,1.17
11.383,0.26,-0.21,-0.44,0.55
11.393,0.63,-0.37,0.27,0.78
11.403,0.95,-0.51,0.85,1.37
11.413,1.05,-0.56,1.19,1.69
11.423,0.95,-0.54,1.31,1.71
11.433,0.77,-0.53,1.17,1.50
11.443,0.56,-0.53,0.78,1.10
11.453,0.42,-0.50,0.12,0.66
11.463,0.32,-0.44,-0.67,0.87
11.473,0.21,-0.29,-1.31,1.36
11.483,0.11,-0.08,-1.77,1.78
11.493,0.05,0.14,-1.97,1.97
11.502,0.06,0.30,-1.84,1.87
11.513,0.05,0.39,-1.64,1.69
11.523,0.09,0.46,-1.34,1.42
11.533,0.24,0.51,-1.01,1.15
11.543,0.39,0.51,-0.77,1.00
11.552,0.51,0.53,-0.60,0.95
11.562,0.54,0.50,-0.45,0.87
11.573,0.56,0.41,-0.36,0.78
11.582,0.55,0.35,-0.22,0.69
11.593,0.56,0.24,-0.04,0.61
11.602,0.58,0.10,0.09,0.60
11.612,0.56,0.03,0.19,0.59
11.622,0.48,0.05,0.24,0.54
11.632,0.39,0.18,0.16,0.46
11.642,0.32,0.37,-0.02,0.49
11.652,0.28,0.56,-0.30,0.69
11.662,0.26,0.70,-0.54,0.92
11.672,0.27,0.82,-0.70,1.11
11.682,0.25,0.93,-0.66,1.17
11.692,0.26,0.98,-0.45,1.11
11.702,0.29,1.06,-0.04,1.10
11.712,0.38,1.07,0.31,1.18
11.722,0.53,1.03,0.52,1.27
11.732,0.66,1.01,0.70,1.39
11.742,0.76,0.97,0.82,1.48
11.752,0.90,0.86,0.85,1.51
11.762,0.94,0.68,0.95,1.49
11.772,0.80,0.54,1.10,1.46
11.782,0.68,0.36,1.28,1.49
11.792,0.64,0.12,1.43,1.57
11.802,0.55,-0.06,1.50,1.60
11.812,0.29,-0.12,1.40,1.43
11.822,-0.11,-0.06,1.11,1.11
11.832,-0.51,0.16,0.60,0.80
11.842,-0.77,0.40,-0.07,0.87
11.852,-0.79,0.52,-0.60,1.12
11.862,-0.58,0.65,-0.74,1.14
11.872,-0.29,0.70,-0.39,0.85
11.882,0.04,0.74,0.41,0.84
11.892,0.35,0.52,1.38,1.52
11.902,0.49,0.03,2.13,2.19
11.912,0.54,-0.50,2.66,2.76
11.922,0.39,-0.92,3.05,3.21
11.932,0.14,-1.29,3.09,3.35
11.942,-0.19,-1.54,2.56,2.99
11.952,-0.53,-1.63,1.53,2.30
11.962,-0.72,-1.52,0.33,1.72
11.972,-0.80,-1.18,-0.73,1.60
11.982,-0.81,-0.74,-1.44,1.81
11.992,-0.73,-0.39,-1.80,1.98
12.002,-0.64,-0.12,-1.90,2.01
12.012,-0.55,0.04,-1.73,1.82
12.022,-0.45,-0.01,-1.34,1.42
12.032,-0.36,-0.23,-0.85,0.95
12.042,-0.33,-0.54,-0.39,0.74
12.052,-0.34,-0.77,-0.11,0.85
12.062,-0.41,-0.89,0.03,0.98
12.072,-0.48,-0.94,0.07,1.06
12.082,-0.51,-0.93,0.02,1.06
12.092,-0.52,-0.85,-0.15,1.01
12.102,-0.49,-0.71,-0.40,0.95
12.112,-0.48,-0.53,-0.63,0.95
12.122,-0.48,-0.31,-0.80,0.99
12.132,-0.54,-0.08,-0.91,1.06
12.142,-0.54,0.04,-1.01,1.14
12.152,-0.52,0.07,-1.11,1.23
12.162,-0.51,0.08,-1.20,1.31
12.172,-0.52,0.13,-1.23,1.35
12.182,-0.52,0.23,-1.14,1.27
12.192,-0.47,0.29,-0.98,1.12
12.201,-0.41,0.30,-0.84,0.98
12.212,-0.42,0.30,-0.71,0.88
12.222,-0.44,0.32,-0.60,0.81
12.232,-0.47,0.33,-0.53,0.78
12.241,-0.47,0.34,-0.51,0.77
12.251,-0.51,0.34,-0.59,0.85
12.262,-0.57,0.37,-0.67,0.95
12.272,-0.61,0.45,-0.70,1.03
12.281,-0.60,0.53,-0.66,1.03
12.292,-0.55,0.58,-0.52,0.96
12.301,-0.46,0.63,-0.33,0.85
12.311,-0.33,0.65,-0.20,0.75
12.321,-0.14,0.68,-0.08,0.70
12.331,-0.09,0.77,0.01,0.77
12.341,-0.10,0.83,0.04,0.84
12.351,-0.12,0.86,0.13,0.88
12.361,-0.08,0.81,0.25,0.85
12.371,-0.04,0.69,0.40,0.80
12.381,-0.06,0.53,0.54,0.76
12.391,-0.10,0.36,0.67,0.77
12.401,-0.13,0.21,0.79,0.83
12.411,-0.14,0.09,0.85,0.87
12.421,-0.13,-0.00,0.85,0.86
12.431,-0.14,-0.07,0.79,0.81
12.441,-0.29,-0.07,0.76,0.82
12.451,-0.60,0.08,0.71,0.93
12.461,-0.90,0.35,0.56,1.12
12.471,-0.94,0.57,0.33,1.15
12.481,-0.59,0.62,0.17,0.88
12.491,-0.09,0.53,0.22,0.58
12.501,0.34,0.31,0.56,0.72
12.511,0.64,-0.01,1.23,1.38
12.521,0.86,-0.46,1.90,2.14
12.531,1.00,-0.88,2.46,2.80
12.541,0.86,-1.20,2.70,3.08
12.551,0.58,-1.39,2.52,2.93
12.561,0.29,-1.44,1.87,2.38
12.571,0.00,-1.36,0.91,1.64
12.581,-0.20,-1.07,-0.07,1.09
12.591,-0.35,-0.68,-0.82,1.13
12.601,-0.36,-0.34,-1.25,1.35
12.611,-0.18,-0.12,-1.40,1.41
12.621,0.04,0.03,-1.13,1.13
12.631,0.31,0.14,-0.48,0.59
12.641,0.59,0.07,0.34,0.68
12.651,0.85,-0.15,0.99,1.31
12.661,0.97,-0.41,1.34,1.71
12.671,0.98,-0.62,1.45,1.86
12.681,0.92,-0.77,1.38,1.83
12.691,0.83,-0.81,1.12,1.61
12.701,0.68,-0.73,0.64,1.18
12.711,0.54,-0.62,-0.02,0.82
12.721,0.44,-0.46,-0.69,0.94
12.731,0.30,-0.24,-1.22,1.28
12.741,0.18,0.00,-1.57,1.58
12.751,0.17,0.18,-1.91,1.93
12.761,0.19,0.30,-2.29,2.32
12.771,0.15,0.46,-2.55,2.60
12.781,0.11,0.60,-2.65,2.71
12.791,0.13,0.72,-2.61,2.71
12.801,0.13,0.82,-2.40,2.54
12.811,0.21,0.87,-2.06,2.25
12.821,0.35,0.86,-1.70,1.93
12.831,0.46,0.81,-1.32,1.62
12.841,0.47,0.74,-0.99,1.32
12.851,0.42,0.65,-0.75,1.08
12.861,0.35,0.56,-0.55,0.86
12.871,0.30,0.48,-0.31,0.65
12.880,0.28,0.45,-0.04,0.53
12.891,0.32,0.39,0.17,0.53
12.900,0.36,0.32,0.29,0.56
12.911,0.31,0.36,0.34,0.59
12.920,0.21,0.51,0.30,0.63
12.930,0.18,0.68,0.16,0.72
12.940,0.20,0.80,0.01,0.83
12.950,0.26,0.92,-0.03,0.96
12.960,0.35,1.04,0.02,1.10
12.970,0.41,1.22,0.07,1.28
12.980,0.46,1.35,0.02,1.42
12.990,0.49,1.41,-0.05,1.49
13.000,0.51,1.37,0.06,1.47
13.010,0.45,1.25,0.35,1.38
13.020,0.41,0.99,0.83,1.35
13.030,0.40,0.61,1.33,1.52
13.040,0.38,0.17,1.70,1.75
13.050,0.28,-0.16,1.90,1.93
13.060,-0.05,-0.36,2.01,2.04
13.070,-0.60,-0.31,1.96,2.07
13.080,-1.12,0.01,1.49,1.86
13.090,-1.29,0.32,0.71,1.51
13.100,-0.95,0.37,0.04,1.02
13.110,-0.43,0.36,-0.07,0.56
13.120,0.08,0.33,0.41,0.53
13.130,0.55,0.01,1.30,1.41
13.140,0.75,-0.60,2.36,2.55
13.150,0.70,-1.11,3.33,3.58
13.160,0.43,-1.45,3.90,4.18
13.170,0.16,-1.75,3.67,4.07
13.180,-0.20,-1.97,2.65,3.31
13.190,-0.55,-1.96,1.23,2.38
13.200,-0.67,-1.58,-0.17,1.73
13.210,-0.73,-0.97,-1.31,1.79
13.220,-0.67,-0.46,-2.23,2.38
13.230,-0.55,-0.10,-2.85,2.91
13.240,-0.48,0.17,-3.02,3.07
13.250,-0.43,0.38,-2.67,2.73
13.260,-0.30,0.35,-1.77,1.83
13.270,-0.07,-0.01,-0.69,0.69
13.280,0.09,-0.44,0.21,0.50
13.290,0.08,-0.76,0.85,1.14
13.300,-0.03,-1.01,1.15,1.53
13.310,-0.10,-1.17,1.16,1.65
13.320,-0.16,-1.19,0.86,1.47
13.330,-0.22,-1.07,0.31,1.14
13.340,-0.16,-0.81,-0.34,0.90
13.350,-0.14,-0.46,-0.85,0.98
13.360,-0.14,-0.15,-1.19,1.21
13.370,-0.12,0.08,-1.39,1.40
13.380,-0.11,0.22,-1.51,1.53
13.390,-0.19,0.22,-1.57,1.59
13.400,-0.29,0.22,-1.56,1.60
13.410,-0.37,0.21,-1.47,1.53
13.420,-0.35,0.25,-1.33,1.40
13.430,-0.19,0.31,-1.13,1.18
13.440,-0.03,0.38,-0.95,1.03
13.450,0.07,0.50,-0.83,0.97
13.460,0.10,0.64,-0.73,0.97
13.470,0.13,0.72,-0.69,1.01
13.480,0.08,0.76,-0.68,1.02
13.490,-0.08,0.78,-0.66,1.03
13.499,-0.18,0.70,-0.61,0.94
13.510,-0.19,0.58,-0.50,0.79
13.519,-0.25,0.57,-0.30,0.69
13.530,-0.28,0.58,-0.06,0.65
13.540,-0.30,0.62,0.16,0.70
13.550,-0.29,0.64,0.31,0.76
13.560,-0.29,0.65,0.35,0.79
13.569,-0.26,0.61,0.39,0.77
13.579,-0.19,0.61,0.49,0.80
13.590,-0.09,0.65,0.67,0.94
13.599,0.06,0.66,0.89,1.10
13.609,0.18,0.65,1.10,1.29
13.619,0.18,0.60,1.37,1.51
13.629,0.14,0.53,1.62,1.71
13.639,0.07,0.42,1.57,1.63
13.649,-0.10,0.34,1.30,1.35
13.659,-0.36,0.37,0.91,1.05
13.669,-0.64,0.47,0.56,0.97
13.679,-0.98,0.66,0.34,1.23
13.689,-1.33,0.90,0.24,1.62
13.699,-1.32,1.00,0.24,1.67
13.709,-0.85,0.91,0.43,1.32
13.719,-0.10,0.72,0.92,1.18
13.729,0.51,0.39,1.66,1.78
13.740,0.89,-0.18,2.41,2.58
13.749,1.09,-0.75,3.02,3.30
13.759,1.01,-1.13,3.34,3.67
13.769,0.82,-1.47,3.12,3.54
13.779,0.49,-1.69,2.39,2.96
13.789,0.21,-1.67,1.28,2.11
13.799,0.03,-1.36,0.15,1.37
13.809,-0.09,-0.86,-0.79,1.17
13.819,-0.06,-0.36,-1.49,1.53
13.829,0.10,0.07,-1.92,1.93
13.839,0.24,0.46,-2.01,2.08
13.849,0.41,0.78,-1.91,2.11
13.859,0.69,0.85,-1.74,2.05
13.869,1.03,0.60,-1.35,1.80
13.879,1.26,0.13,-0.67,1.43
13.889,1.30,-0.41,0.08,1.36
13.899,1.08,-0.84,0.77,1.57
13.909,0.74,-1.17,1.40,1.97
13.919,0.44,-1.40,1.86,2.37
13.929,0.19,-1.60,1.98,2.55
13.939,0.03,-1.76,1.61,2.38
13.949,-0.08,-1.81,0.76,1.96
13.959,-0.14,-1.64,-0.30,1.68
13.969,-0.12,-1.26,-1.26,1.79
13.979,-0.01,-0.81,-1.90,2.07
13.989,0.14,-0.45,-2.26,2.31
13.999,0.20,-0.20,-2.38,2.40
14.009,0.17,-0.01,-2.36,2.36
14.019,0.14,0.07,-2.26,2.26
14.029,0.15,0.12,-2.16,2.17
14.039,0.25,0.20,-2.15,2.17
14.049,0.36,0.30,-2.05,2.10
14.059,0.54,0.37,-1.84,1.95
14.069,0.69,0.47,-1.50,1.72
14.079,0.73,0.58,-1.15,1.48
14.089,0.70,0.66,-0.85,1.29
14.099,0.69,0.73,-0.68,1.21
14.109,0.62,0.79,-0.58,1.16
14.119,0.44,0.76,-0.45,0.99
14.129,0.26,0.71,-0.26,0.79
14.139,0.09,0.59,-0.02,0.60
14.149,-0.04,0.45,0.14,0.48
14.159,-0.13,0.39,0.20,0.46
14.169,-0.17,0.43,0.16,0.49
14.179,-0.11,0.50,0.07,0.52
14.189,0.05,0.59,-0.05,0.59
14.198,0.11,0.68,-0.01,0.69
14.209,0.07,0.73,0.21,0.77
14.218,0.15,0.64,0.53,0.85
14.229,0.34,0.47,0.87,1.05
14.238,0.49,0.28,1.27,1.39
14.248,0.50,0.12,1.56,1.65
14.258,0.39,-0.08,1.75,1.80
14.268,0.04,-0.24,1.91,1.93
14.278,-0.47,-0.26,2.06,2.13
14.288,-0.96,-0.19,1.95,2.18
14.298,-1.27,-0.07,1.42,1.91
14.308,-1.25,0.17,0.63,1.41
14.318,-0.88,0.35,0.08,0.96
14.328,-0.29,0.47,0.07,0.56
14.338,0.37,0.37,0.43,0.68
14.349,0.84,0.04,1.07,1.36
14.358,0.80,-0.41,1.71,1.93
14.368,0.51,-0.79,2.10,2.30
14.378,0.14,-1.02,2.15,2.38
14.388,-0.18,-1.21,1.69,2.09
14.398,-0.42,-1.35,0.86,1.65
14.408,-0.67,-1.19,-0.13,1.37
14.418,-0.81,-0.75,-0.97,1.47
14.428,-0.75,-0.30,-1.51,1.71
14.438,-0.59,0.06,-1.73,1.83
14.448,-0.46,0.38,-1.68,1.78
14.458,-0.32,0.56,-1.34,1.49
14.468,-0.10,0.43,-0.77,0.89
14.478,0.09,0.01,-0.15,0.18
14.488,0.14,-0.43,0.33,0.56
14.498,0.03,-0.76,0.72,1.05
14.508,-0.13,-0.99,0.98,1.40
14.518,-0.25,-1.18,0.96,1.54
14.528,-0.34,-1.30,0.63,1.48
14.538,-0.41,-1.21,0.04,1.28
14.548,-0.42,-0.89,-0.64,1.17
14.558,-0.34,-0.42,-1.18,1.30
14.568,-0.27,-0.03,-1.51,1.54
14.578,-0.20,0.23,-1.73,1.75
14.588,-0.30,0.42,-1.86,1.93
14.598,-0.41,0.53,-1.86,1.98
14.608,-0.43,0.51,-1.79,1.91
14.618,-0.36,0.40,-1.79,1.87
14.628,-0.32,0.34,-1.70,1.76
14.638,-0.33,0.36,-1.45,1.53
14.648,-0.36,0.37,-1.09,1.21
14.658,-0.35,0.32,-0.71,0.85
14.668,-0.35,0.26,-0.35,0.56
14.678,-0.43,0.21,-0.12,0.50
14.688,-0.56,0.20,-0.13,0.60
14.698,-0.66,0.21,-0.32,0.76
14.708,-0.69,0.26,-0.59,0.94
14.718,-0.76,0.34,-0.81,1.16
14.728,-0.80,0.46,-0.91,1.30
14.738,-0.85,0.59,-0.83,1.33
14.748,-0.80,0.64,-0.61,1.19
14.758,-0.64,0.60,-0.29,0.92
14.768,-0.54,0.56,0.14,0.78
14.778,-0.49,0.47,0.68,0.96
14.788,-0.43,0.32,1.20,1.32
14.798,-0.41,0.17,1.55,1.61
14.808,-0.43,0.07,1.68,1.74
14.818,-0.40,0.00,1.63,1.68
14.828,-0.33,-0.01,1.44,1.47
14.837,-0.33,0.08,1.14,1.19
14.848,-0.27,0.15,0.91,0.96
14.858,-0.15,0.15,0.81,0.84
14.868,-0.03,0.14,0.88,0.90
14.878,-0.02,0.10,1.06,1.06
14.887,-0.11,0.05,1.18,1.18
14.897,-0.35,0.08,1.19,1.24
14.908,-0.60,0.16,1.00,1.17
14.917,-0.68,0.15,0.67,0.97
14.927,-0.45,0.09,0.44,0.63
14.937,-0.10,0.05,0.38,0.40
14.947,0.26,0.05,0.51,0.57
14.957,0.56,0.04,0.71,0.90
14.967,0.83,-0.20,0.93,1.27
14.977,0.97,-0.59,1.14,1.61
14.987,0.92,-0.96,1.30,1.86
14.997,0.69,-1.17,1.43,1.97
15.007,0.41,-1.28,1.43,1.96
15.017,0.22,-1.33,1.27,1.86
15.027,-0.00,-1.14,1.02,1.53
15.037,-0.12,-0.86,0.60,1.06
15.047,-0.12,-0.62,0.17,0.65
15.057,-0.02,-0.43,-0.22,0.48
15.067,0.12,-0.25,-0.56,0.62
15.077,0.29,-0.11,-0.81,0.87
15.087,0.51,-0.08,-0.89,1.03
15.097,0.71,-0.13,-0.70,1.01
15.107,0.84,-0.24,-0.37,0.95
15.117,0.82,-0.34,-0.04,0.89
15.127,0.73,-0.42,0.16,0.85
15.137,0.60,-0.50,0.15,0.79
15.147,0.49,-0.56,-0.05,0.75
15.157,0.37,-0.58,-0.41,0.80
15.167,0.24,-0.55,-0.78,0.99
15.177,0.20,-0.46,-1.10,1.21
15.187,0.17,-0.34,-1.33,1.38
15.197,0.20,-0.22,-1.47,1.50
15.207,0.32,-0.05,-1.52,1.56
15.217,0.40,0.16,-1.53,1.59
15.227,0.40,0.38,-1.60,1.69
15.237,0.37,0.47,-1.71,1.82
15.247,0.46,0.46,-1.74,1.86
15.257,0.58,0.44,-1.57,1.73
15.267,0.59,0.38,-1.21,1.40
15.277,0.51,0.28,-0.80,0.99
15.287,0.42,0.11,-0.49,0.66
15.297,0.30,-0.01,-0.28,0.42
15.307,0.16,-0.04,-0.10,0.19
15.317,0.08,0.01,-0.03,0.08
15.327,0.13,0.09,-0.07,0.17
15.337,0.22,0.24,-0.16,0.37
15.347,0.19,0.50,-0.25,0.59
15.357,0.17,0.77,-0.33,0.86
15.367,0.30,1.00,-0.42,1.13
15.377,0.40,1.20,-0.49,1.35
15.387,0.34,1.35,-0.49,1.48
15.397,0.26,1.36,-0.42,1.44
15.407,0.27,1.29,-0.11,1.32
15.417,0.22,1.19,0.21,1.23
15.427,0.14,1.14,0.36,1.20
15.437,0.08,1.10,0.46,1.20
15.447,0.09,1.03,0.50,1.15
15.457,0.06,0.87,0.61,1.07
15.467,0.03,0.74,0.98,1.23
15.477,0.09,0.49,1.48,1.56
15.487,0.24,0.11,1.89,1.91
15.497,0.25,-0.20,2.13,2.16
15.507,-0.05,-0.28,2.33,2.35
15.516,-0.40,-0.13,2.42,2.46
15.527,-0.59,0.12,2.21,2.29
15.536,-0.52,0.41,1.69,1.82
15.547,-0.22,0.54,1.13,1.27
15.557,0.29,0.53,0.81,1.01
15.567,0.75,0.39,0.92,1.25
15.576,0.99,-0.07,1.37,1.69
15.586,0.95,-0.70,2.03,2.35
15.596,0.65,-1.20,2.65,2.98
15.607,0.27,-1.63,2.92,3.35
15.616,-0.07,-1.97,2.41,3.12
15.626,-0.39,-2.12,1.38,2.56
15.636,-0.64,-1.95,0.19,2.06
15.646,-0.76,-1.43,-0.91,1.85
15.656,-0.64,-0.80,-1.70,1.98
15.666,-0.37,-0.27,-2.22,2.27
15.676,-0.15,0.25,-2.50,2.52
15.686,0.00,0.66,-2.57,2.66
15.696,0.05,0.86,-2.44,2.59
15.706,0.13,0.79,-2.03,2.18
15.716,0.23,0.43,-1.36,1.44
15.726,0.23,-0.04,-0.63,0.67
15.736,0.10,-0.43,-0.05,0.45
15.746,-0.07,-0.72,0.42,0.84
15.756,-0.18,-0.89,0.72,1.16
15.766,-0.28,-0.99,0.79,1.30
15.776,-0.33,-1.05,0.65,1.28
15.786,-0.36,-1.01,0.32,1.12
15.796,-0.36,-0.88,-0.10,0.95
15.806,-0.33,-0.64,-0.57,0.92
15.816,-0.31,-0.35,-0.96,1.07
15.826,-0.33,-0.03,-1.24,1.28
15.836,-0.30,0.23,-1.48,1.53
15.846,-0.25,0.39,-1.61,1.67
15.856,-0.19,0.45,-1.60,1.67
15.866,-0.19,0.45,-1.35,1.44
15.876,-0.18,0.42,-0.98,1.08
15.886,-0.10,0.34,-0.56,0.66
15.896,0.01,0.29,-0.21,0.36
15.906,-0.01,0.32,-0.00,0.32
15.916,-0.14,0.38,-0.04,0.41
15.926,-0.28,0.42,-0.29,0.58
15.936,-0.39,0.47,-0.59,0.85
15.946,-0.38,0.56,-0.84,1.08
15.956,-0.30,0.67,-0.94,1.19
15.966,-0.22,0.74,-1.00,1.26
15.976,-0.18,0.73,-1.07,1.30
15.986,-0.27,0.73,-0.89,1.18
15.996,-0.35,0.80,-0.54,1.02
16.006,-0.30,0.82,-0.25,0.91
16.016,-0.24,0.83,-0.04,0.87
16.026,-0.24,0.82,0.08,0.86
16.036,-0.25,0.79,0.12,0.83
16.046,-0.21,0.76,0.18,0.81
16.056,-0.19,0.73,0.26,0.79
16.066,-0.22,0.69,0.40,0.83
16.076,-0.21,0.63,0.64,0.92
16.086,-0.16,0.49,0.89,1.03
16.096,-0.12,0.33,1.01,1.07
16.106,-0.11,0.15,0.95,0.96
16.116,-0.18,-0.00,0.93,0.94
16.126,-0.37,-0.01,1.01,1.07
16.136,-0.74,0.17,1.09,1.32
16.146,-1.02,0.54,1.16,1.64
16.156,-0.99,0.81,1.05,1.66
16.166,-0.63,0.73,0.79,1.25
16.176,-0.09,0.53,0.70,0.88
16.186,0.43,0.15,0.75,0.88
16.196,0.86,-0.32,1.07,1.41
16.206,0.99,-0.76,1.74,2.14
16.215,0.88,-1.13,2.32,2.73
16.226,0.70,-1.45,2.50,2.97
16.235,0.53,-1.69,2.27,2.88
16.246,0.38,-1.74,1.84,2.56
16.255,0.27,-1.48,1.14,1.89
16.265,0.19,-1.02,0.35,1.10
16.275,0.06,-0.51,-0.32,0.61
16.285,0.01,-0.07,-0.75,0.75
16.296,0.06,0.24,-0.92,0.96
16.305,0.20,0.41,-0.93,1.04
16.315,0.46,0.34,-0.83,1.00
16.325,0.75,0.00,-0.51,0.91
16.335,0.93,-0.40,-0.01,1.01
16.345,1.00,-0.72,0.44,1.31
16.355,0.93,-0.97,0.78,1.55
16.366,0.75,-1.07,1.04,1.68
16.375,0.56,-1.07,1.21,1.71
16.385,0.44,-1.07,1.20,1.67
16.395,0.33,-1.03,0.89,1.40
16.405,0.26,-0.96,0.20,1.01
16.415,0.13,-0.77,-0.63,1.00
16.425,0.04,-0.52,-1.37,1.47
16.435,0.04,-0.30,-1.86,1.88
16.445,0.18,-0.11,-2.08,2.10
16.455,0.36,0.02,-2.05,2.08
16.465,0.50,0.15,-1.82,1.89
16.475,0.52,0.25,-1.59,1.69
16.485,0.52,0.30,-1.46,1.58
16.495,0.54,0.27,-1.53,1.65
16.505,0.55,0.26,-1.75,1.85
16.515,0.54,0.26,-1.99,2.08
16.525,0.53,0.29,-2.14,2.22
16.535,0.43,0.36,-2.17,2.24
16.545,0.30,0.40,-2.08,2.14
16.555,0.23,0.37,-1.87,1.92
16.565,0.14,0.28,-1.55,1.58
16.575,0.04,0.16,-1.29,1.30
16.585,-0.08,0.05,-1.10,1.10
16.595,-0.14,0.01,-0.92,0.93
16.605,-0.21,0.02,-0.72,0.75
16.615,-0.22,0.08,-0.50,0.55
16.625,-0.09,0.19,-0.31,0.37
16.635,0.10,0.35,-0.15,0.39
16.645,0.12,0.62,-0.11,0.64
16.655,0.07,0.88,-0.14,0.90
16.665,0.14,1.15,-0.06,1.16
16.675,0.22,1.32,0.17,1.35
16.685,0.39,1.35,0.47,1.48
16.695,0.56,1.30,0.83,1.64
16.705,0.64,1.23,1.21,1.84
16.715,0.75,1.10,1.51,2.01
16.725,0.73,0.99,1.72,2.12
16.735,0.47,0.95,1.83,2.11
16.745,0.08,0.97,1.87,2.11
16.755,-0.44,1.10,1.77,2.13
16.765,-0.76,1.26,1.28,1.95
16.775,-0.73,1.31,0.59,1.62
16.785,-0.40,1.28,0.22,1.36
16.795,0.04,1.10,0.41,1.18
16.805,0.41,0.61,0.95,1.20
16.815,0.62,-0.04,1.64,1.75
16.825,0.65,-0.53,2.45,2.59
16.835,0.48,-0.95,3.24,3.41
16.845,0.24,-1.35,3.54,3.80
16.855,-0.19,-1.68,3.08,3.52
16.865,-0.81,-1.82,2.09,2.89
16.875,-1.31,-1.78,0.70,2.32
16.885,-1.56,-1.56,-0.76,2.33
16.894,-1.67,-1.18,-1.92,2.80
16.905,-1.74,-0.78,-2.63,3.24
16.914,-1.62,-0.53,-2.91,3.37
16.925,-1.33,-0.46,-2.63,2.99
16.934,-1.04,-0.53,-1.72,2.08
16.945,-0.88,-0.70,-0.63,1.29
16.954,-0.73,-0.92,0.28,1.20
16.964,-0.69,-1.06,0.99,1.61
16.974,-0.81,-1.12,1.26,1.87
16.984,-0.91,-1.12,1.07,1.80
16.994,-1.01,-1.06,0.61,1.59
17.004,-1.07,-0.89,0.03,1.39
17.014,-1.07,-0.64,-0.58,1.37
17.024,-1.01,-0.31,-1.08,1.51
17.034,-0.99,0.03,-1.34,1.66
17.044,-0.86,0.31,-1.38,1.66
17.054,-0.62,0.51,-1.21,1.45
17.064,-0.39,0.63,-1.00,1.24
17.074,-0.29,0.79,-0.80,1.16
17.084,-0.30,0.89,-0.68,1.16
17.094,-0.28,0.84,-0.63,1.09
17.104,-0.22,0.78,-0.57,0.99
17.114,-0.10,0.74,-0.56,0.94
17.124,0.01,0.76,-0.61,0.98
17.134,0.02,0.84,-0.66,1.07
17.144,-0.13,0.89,-0.68,1.13
17.154,-0.32,0.89,-0.70,1.18
17.164,-0.44,0.83,-0.79,1.23
17.174,-0.56,0.74,-0.93,1.31
17.184,-0.73,0.72,-1.03,1.45
17.194,-0.82,0.69,-1.08,1.52
17.204,-0.85,0.69,-1.02,1.50
17.214,-0.84,0.77,-0.85,1.42
17.224,-0.73,0.81,-0.69,1.29
17.234,-0.52,0.82,-0.48,1.09
17.244,-0.35,0.85,-0.22,0.94
17.254,-0.33,0.82,0.18,0.90
17.264,-0.30,0.79,0.61,1.05
17.274,-0.23,0.68,0.90,1.15
17.284,-0.08,0.42,1.09,1.17
17.294,0.03,0.12,1.34,1.35
17.304,0.06,-0.16,1.57,1.58
17.314,0.06,-0.40,1.75,1.79
17.324,-0.01,-0.55,1.86,1.94
17.334,-0.31,-0.49,1.93,2.01
17.344,-0.81,-0.21,1.76,1.95
17.354,-1.19,0.21,1.26,1.75
17.364,-1.12,0.45,0.75,1.42
17.374,-0.61,0.54,0.53,0.98
17.384,-0.02,0.52,0.60,0.79
17.394,0.47,0.24,1.03,1.15
17.404,0.81,-0.19,1.94,2.11
17.414,1.05,-0.79,2.94,3.22
17.424,1.22,-1.33,3.64,4.07
17.434,1.24,-1.79,3.75,4.33
17.444,0.99,-2.04,3.26,3.97
17.454,0.53,-2.03,2.38,3.17
17.464,0.24,-1.87,1.30,2.29
17.474,0.20,-1.49,0.27,1.53
17.484,0.20,-0.95,-0.60,1.14
17.494,0.24,-0.47,-1.33,1.43
17.504,0.36,-0.09,-1.74,1.78
17.513,0.54,0.17,-1.83,1.92
17.524,0.80,0.29,-1.64,1.84
17.533,1.03,0.25,-1.22,1.62
17.544,1.20,0.07,-0.70,1.39
17.553,1.28,-0.09,-0.26,1.31
17.563,1.27,-0.23,0.04,1.29
17.573,1.18,-0.31,0.15,1.23
17.583,1.01,-0.31,0.02,1.06
17.593,0.89,-0.27,-0.27,0.97
17.603,0.75,-0.19,-0.63,1.00
17.613,0.61,-0.07,-1.03,1.20
17.624,0.62,0.07,-1.35,1.49
17.633,0.70,0.23,-1.58,1.75
17.644,0.69,0.42,-1.71,1.89
17.653,0.64,0.55,-1.66,1.86
17.663,0.61,0.58,-1.54,1.76
17.673,0.62,0.54,-1.43,1.65
17.683,0.61,0.49,-1.29,1.51
17.693,0.54,0.47,-1.21,1.41
17.703,0.47,0.45,-1.17,1.34
17.713,0.49,0.45,-1.09,1.28
17.723,0.56,0.46,-0.92,1.17
17.733,0.66,0.48,-0.80,1.15
17.743,0.72,0.49,-0.75,1.15
17.753,0.67,0.58,-0.73,1.15
17.763,0.58,0.62,-0.69,1.09
17.773,0.48,0.59,-0.67,1.02
17.783,0.33,0.57,-0.57,0.87
17.793,0.19,0.53,-0.43,0.71
17.803,0.12,0.50,-0.28,0.59
17.813,0.09,0.52,-0.20,0.57
17.823,-0.01,0.62,-0.22,0.66
17.833,-0.03,0.82,-0.27,0.86
17.843,0.11,1.00,-0.43,1.09
17.853,0.21,1.19,-0.62,1.36
17.863,0.35,1.37,-0.65,1.56
17.873,0.50,1.48,-0.40,1.61
17.883,0.63,1.47,-0.02,1.60
17.893,0.68,1.30,0.41,1.52
17.903,0.57,0.94,0.79,1.35
17.913,0.46,0.54,1.23,1.42
17.923,0.34,0.17,1.63,1.68
17.933,0.10,-0.08,2.00,2.00
17.943,-0.44,-0.02,2.14,2.19
17.953,-1.08,0.38,1.87,2.20
17.963,-1.34,0.77,1.15,1.93
17.973,-0.94,0.85,0.43,1.34
17.983,-0.18,0.74,0.13,0.77
17.993,0.45,0.62,0.53,0.93
18.003,0.88,0.23,1.44,1.70
18.013,1.15,-0.45,2.57,2.85
18.023,1.17,-0.93,3.73,4.01
18.033,0.82,-1.26,4.25,4.50
18.043,0.35,-1.59,3.76,4.10
18.053,-0.18,-1.83,2.49,3.10
18.063,-0.64,-1.87,0.88,2.17
18.073,-0.91,-1.64,-0.68,1.99
18.083,-1.11,-1.14,-1.74,2.36
18.093,-1.13,-0.76,-2.29,2.67
18.103,-1.10,-0.53,-2.40,2.69
18.113,-1.05,-0.34,-1.96,2.25
18.123,-0.82,-0.36,-0.99,1.33
18.133,-0.44,-0.62,0.07,0.77
18.143,-0.08,-0.94,0.92,1.32
18.153,0.01,-1.16,1.46,1.86
18.163,-0.09,-1.23,1.65,2.06
18.173,-0.22,-1.21,1.54,1.97
18.183,-0.24,-1.10,1.06,1.55
18.193,-0.16,-0.91,0.33,0.98
18.203,-0.14,-0.62,-0.49,0.80
18.213,-0.25,-0.29,-1.21,1.27
18.223,-0.24,0.01,-1.66,1.68
18.232,-0.24,0.23,-1.95,1.97
18.243,-0.27,0.34,-2.07,2.11
18.252,-0.29,0.40,-1.86,1.93
18.263,-0.42,0.37,-1.61,1.71
18.272,-0.43,0.27,-1.34,1.43
18.283,-0.38,0.15,-1.09,1.16
18.293,-0.37,0.05,-0.82,0.90
18.302,-0.43,-0.01,-0.55,0.70
18.312,-0.40,-0.09,-0.38,0.56
18.322,-0.40,-0.14,-0.34,0.54
18.332,-0.44,-0.13,-0.47,0.66
18.342,-0.42,-0.05,-0.71,0.83
18.352,-0.33,0.09,-0.94,1.00
18.362,-0.31,0.27,-0.97,1.05
18.372,-0.33,0.47,-0.84,1.02
18.382,-0.33,0.66,-0.70,1.01
18.392,-0.36,0.72,-0.66,1.04
18.402,-0.43,0.82,-0.65,1.13
18.412,-0.53,0.87,-0.72,1.25
18.422,-0.57,0.88,-0.70,1.26
18.432,-0.52,0.89,-0.53,1.16
18.442,-0.41,0.86,-0.36,1.02
18.452,-0.42,0.84,-0.17,0.96
18.462,-0.39,0.80,-0.00,0.89
18.472,-0.30,0.70,0.18,0.78
18.482,-0.25,0.57,0.37,0.72
18.492,-0.25,0.45,0.52,0.73
18.502,-0.25,0.38,0.62,0.77
18.512,-0.18,0.31,0.69,0.77
18.522,-0.07,0.20,0.77,0.80
18.532,0.05,0.12,0.86,0.87
18.542,0.06,0.09,0.97,0.97
18.552,-0.22,0.15,1.22,1.25
18.562,-0.81,0.37,1.36,1.62
18.572,-1.19,0.64,1.26,1.85
18.582,-1.01,0.71,0.85,1.49
18.592,-0.53,0.73,0.42,0.99
18.602,0.12,0.68,0.24,0.74
18.612,0.74,0.45,0.47,0.98
18.622,1.29,-0.07,1.33,1.86
18.632,1.58,-0.66,2.62,3.13
18.642,1.49,-1.15,3.54,4.01
18.652,1.28,-1.60,3.73,4.25
18.662,0.87,-1.86,3.33,3.91
18.672,0.32,-1.88,2.53,3.17
18.682,0.05,-1.73,1.39,2.22
18.692,-0.00,-1.25,0.35,1.30
18.702,-0.04,-0.65,-0.39,0.76
18.712,0.14,-0.19,-0.82,0.86
18.722,0.45,0.08,-1.04,1.13
18.732,0.75,0.32,-0.97,1.26
18.742,0.97,0.42,-0.70,1.26
18.752,1.16,0.27,-0.29,1.22
18.762,1.22,-0.04,0.19,1.23
18.772,1.18,-0.36,0.49,1.33
18.782,1.00,-0.58,0.55,1.28
18.792,0.70,-0.70,0.38,1.06
18.802,0.49,-0.77,-0.04,0.91
18.812,0.48,-0.72,-0.62,1.06
18.822,0.42,-0.47,-1.19,1.35
18.832,0.41,-0.19,-1.70,1.76
18.842,0.43,0.04,-2.15,2.20
18.852,0.42,0.20,-2.40,2.44
18.862,0.44,0.32,-2.42,2.48
18.871,0.35,0.40,-2.27,2.33
18.882,0.29,0.44,-2.05,2.11
18.892,0.28,0.43,-1.91,1.98
18.902,0.31,0.43,-1.89,1.97
18.912,0.35,0.46,-1.96,2.04
18.922,0.30,0.54,-1.94,2.03
18.931,0.22,0.62,-1.83,1.94
18.942,0.25,0.64,-1.61,1.75
18.951,0.33,0.65,-1.30,1.49
18.962,0.41,0.65,-0.95,1.23
18.971,0.49,0.63,-0.62,1.01
18.981,0.51,0.58,-0.20,0.80
18.991,0.50,0.50,0.23,0.74
19.001,0.48,0.41,0.61,0.88
19.011,0.45,0.35,0.93,1.09
19.021,0.35,0.31,1.15,1.25
19.031,0.23,0.34,1.21,1.28
19.041,0.15,0.45,1.14,1.24
19.051,0.16,0.52,0.93,1.08
19.061,0.15,0.63,0.70,0.95
19.071,0.11,0.75,0.58,0.95
19.081,0.16,0.79,0.57,0.99
19.091,0.34,0.79,0.75,1.14
19.101,0.52,0.70,0.96,1.30
19.111,0.58,0.52,1.18,1.41
19.121,0.47,0.31,1.52,1.62
19.131,0.06,0.19,1.94,1.95
19.141,-0.52,0.24,2.17,2.24
19.151,-0.95,0.27,1.87,2.12
19.161,-1.02,0.22,1.22,1.60
19.171,-0.88,0.27,0.58,1.09
19.181,-0.63,0.37,0.27,0.78
19.191,-0.15,0.33,0.38,0.52
19.201,0.32,0.11,0.94,1.00
19.211,0.54,-0.34,1.62,1.75
19.221,0.55,-0.83,2.25,2.46
19.231,0.41,-1.15,2.72,2.98
19.241,0.14,-1.42,2.64,3.00
19.251,-0.18,-1.67,1.88,2.52
19.261,-0.52,-1.77,0.80,2.01
19.271,-0.93,-1.58,-0.25,1.85
19.281,-1.19,-1.26,-1.26,2.14
19.291,-1.29,-0.97,-2.10,2.65
19.301,-1.25,-0.63,-2.59,2.95
19.311,-1.19,-0.36,-2.79,3.05
19.321,-1.04,-0.17,-2.50,2.71
19.331,-0.73,-0.13,-1.64,1.81
19.341,-0.46,-0.26,-0.62,0.81
19.351,-0.27,-0.49,0.22,0.60
19.361,-0.17,-0.68,0.75,1.03
19.371,-0.18,-0.82,0.97,1.28
19.381,-0.18,-0.90,0.84,1.24
19.391,-0.20,-0.88,0.41,0.99
19.401,-0.29,-0.76,-0.17,0.83
19.411,-0.41,-0.50,-0.70,0.95
19.421,-0.49,-0.17,-1.11,1.22
19.431,-0.43,0.06,-1.36,1.43
19.441,-0.34,0.24,-1.51,1.57
19.451,-0.44,0.40,-1.50,1.61
19.461,-0.47,0.48,-1.33,1.49
19.471,-0.45,0.45,-1.21,1.37
19.481,-0.47,0.36,-1.21,1.35
19.491,-0.44,0.28,-1.17,1.28
19.501,-0.44,0.27,-1.14,1.25
19.511,-0.33,0.30,-1.07,1.15
19.521,-0.25,0.33,-1.06,1.14
19.531,-0.34,0.42,-1.10,1.23
19.541,-0.44,0.54,-1.02,1.24
19.551,-0.45,0.63,-0.98,1.25
19.561,-0.37,0.69,-0.99,1.26
19.570,-0.36,0.76,-0.88,1.22
19.581,-0.36,0.80,-0.71,1.13
19.590,-0.32,0.77,-0.47,0.96
19.600,-0.33,0.72,-0.19,0.81
19.610,-0.35,0.64,0.06,0.73
19.620,-0.39,0.59,0.22,0.74
19.630,-0.41,0.54,0.28,0.73
19.641,-0.35,0.51,0.31,0.69
19.650,-0.25,0.52,0.41,0.71
19.660,-0.14,0.51,0.60,0.80
19.670,-0.02,0.50,0.80,0.94
19.680,0.14,0.47,0.93,1.05
19.690,0.22,0.47,1.06,1.18
19.700,0.27,0.49,1.19,1.31
19.710,0.30,0.42,1.25,1.35
19.720,0.31,0.28,1.15,1.22
19.730,0.23,0.06,1.02,1.05
19.740,-0.04,-0.04,0.97,0.97
19.750,-0.60,0.05,0.87,1.06
19.760,-1.16,0.38,0.56,1.35
19.770,-1.27,0.59,0.19,1.41
19.780,-0.89,0.57,-0.15,1.07
19.790,-0.43,0.67,-0.29,0.85
19.800,-0.02,0.76,-0.09,0.76
19.810,0.47,0.59,0.64,0.99
19.820,0.92,0.09,1.62,1.86
19.830,1.09,-0.49,2.35,2.63
19.840,0.97,-0.91,2.77,3.07
19.850,0.60,-1.24,2.78,3.10
19.860,0.23,-1.52,2.39,2.84
19.870,-0.07,-1.66,1.82,2.47
19.880,-0.23,-1.68,1.27,2.11
19.890,-0.36,-1.47,0.87,1.75
19.900,-0.38,-1.20,0.55,1.37
19.910,-0.17,-1.04,0.30,1.10
19.920,0.14,-0.89,0.27,0.94
19.930,0.39,-0.71,0.31,0.87
19.940,0.61,-0.57,0.29,0.89
19.950,0.80,-0.51,0.21,0.97
19.960,0.88,-0.45,0.07,0.99
19.970,0.89,-0.38,-0.13,0.97
19.980,0.86,-0.31,-0.41,1.00
19.990,0.83,-0.18,-0.73,1.12
20.000,0.78,0.02,-1.05,1.31
20.010,0.76,0.17,-1.38,1.59
20.020,0.76,0.34,-1.70,1.90
20.030,0.73,0.44,-2.02,2.19
20.040,0.71,0.54,-2.35,2.52
20.050,0.58,0.59,-2.61,2.74
20.060,0.44,0.65,-2.81,2.92
20.070,0.37,0.67,-2.72,2.83
20.080,0.36,0.69,-2.45,2.57
20.090,0.30,0.73,-2.19,2.33
20.100,0.26,0.78,-2.01,2.17
20.110,0.16,0.84,-1.88,2.06
20.120,0.10,0.83,-1.75,1.94
20.130,0.15,0.77,-1.50,1.69
20.140,0.24,0.65,-1.10,1.30
20.150,0.32,0.55,-0.56,0.85
20.160,0.38,0.45,0.00,0.58
20.170,0.45,0.33,0.53,0.77
20.180,0.51,0.20,1.06,1.19
20.190,0.52,0.09,1.64,1.72
20.200,0.54,-0.00,2.09,2.16
20.210,0.50,-0.05,2.27,2.33
20.220,0.38,-0.05,2.23,2.27
20.230,0.22,0.04,1.82,1.84
20.240,0.08,0.16,1.03,1.05
20.249,-0.02,0.36,0.23,0.43
20.260,0.13,0.58,-0.39,0.71
20.269,0.37,0.81,-0.66,1.11
20.280,0.53,0.98,-0.65,1.29
20.289,0.66,0.98,-0.38,1.25
20.299,0.76,0.80,0.08,1.11
20.310,0.75,0.53,0.67,1.14
20.319,0.73,0.24,1.06,1.31
20.329,0.54,0.12,1.29,1.41
20.339,-0.04,0.23,1.41,1.43
20.349,-0.71,0.49,1.09,1.39
20.359,-0.91,0.74,0.17,1.19
20.369,-0.88,0.97,-0.86,1.57
20.379,-0.73,1.22,-1.39,1.99
20.389,-0.50,1.41,-1.27,1.96
20.399,-0.16,1.35,-0.54,1.46
20.409,0.25,0.78,0.49,0.96
20.419,0.56,-0.01,1.48,1.58
20.429,0.55,-0.63,2.44,2.58
20.439,0.25,-1.15,3.17,3.39
20.449,-0.14,-1.65,3.44,3.82
20.459,-0.71,-1.99,3.13,3.77
20.469,-1.21,-2.21,2.10,3.28
20.479,-1.56,-2.22,0.74,2.81
20.489,-1.62,-1.89,-0.37,2.52
20.499,-1.58,-1.40,-0.99,2.33
20.509,-1.37,-1.02,-1.15,2.06
20.519,-0.99,-0.76,-0.73,1.45
20.529,-0.58,-0.63,0.11,0.86
20.539,-0.33,-0.63,0.86,1.12
20.549,-0.26,-0.69,1.30,1.50
20.559,-0.26,-0.73,1.28,1.49
20.569,-0.30,-0.75,0.84,1.17
20.579,-0.41,-0.74,0.10,0.86
20.589,-0.54,-0.59,-0.59,0.99
20.599,-0.57,-0.37,-1.22,1.39
20.609,-0.60,-0.08,-1.71,1.82
20.619,-0.66,0.19,-2.12,2.23
20.629,-0.71,0.41,-2.46,2.59
20.639,-0.79,0.63,-2.56,2.75
20.649,-0.79,0.72,-2.49,2.71
20.659,-0.74,0.70,-2.28,2.50
20.669,-0.69,0.67,-1.99,2.21
20.679,-0.68,0.64,-1.69,1.93
20.689,-0.68,0.57,-1.49,1.73
20.699,-0.69,0.53,-1.25,1.52
20.709,-0.65,0.46,-0.99,1.27
20.719,-0.56,0.48,-0.79,1.08
20.729,-0.49,0.55,-0.61,0.96
20.739,-0.46,0.70,-0.52,0.99
20.749,-0.52,0.80,-0.49,1.07
20.759,-0.63,0.83,-0.44,1.13
20.769,-0.74,0.81,-0.38,1.16
20.779,-0.89,0.77,-0.37,1.24
20.789,-0.97,0.70,-0.31,1.23
20.799,-0.94,0.63,-0.08,1.13
20.809,-0.83,0.61,0.23,1.05
20.819,-0.68,0.59,0.58,1.07
20.829,-0.50,0.52,0.91,1.17
20.839,-0.39,0.50,1.27,1.42
20.849,-0.28,0.49,1.45,1.56
20.859,-0.14,0.43,1.39,1.47
20.869,-0.04,0.33,1.24,1.28
20.879,-0.09,0.24,1.09,1.12
20.889,-0.11,0.14,0.99,1.01
20.899,-0.11,-0.04,0.91,0.91
20.909,-0.26,-0.15,0.81,0.87
20.919,-0.61,-0.11,0.76,0.98
20.929,-0.85,0.09,0.64,1.07
20.939,-0.79,0.33,0.32,0.91
20.948,-0.36,0.47,0.06,0.60
20.959,0.12,0.54,0.30,0.63
20.968,0.59,0.42,1.06,1.29
20.979,0.97,0.05,1.96,2.19
20.988,1.22,-0.38,2.72,3.00
20.998,1.27,-0.72,3.17,3.49
21.008,1.12,-1.07,2.96,3.34
21.018,0.71,-1.31,2.29,2.73
21.028,0.32,-1.48,1.41,2.07
21.039,0.07,-1.50,0.66,1.64
21.048,-0.05,-1.32,0.15,1.33
21.058,-0.19,-0.97,-0.12,1.00
21.068,-0.28,-0.64,-0.24,0.74
21.078,-0.15,-0.49,-0.27,0.58
21.088,0.15,-0.49,-0.28,0.58
21.098,0.43,-0.59,-0.16,0.75
21.108,0.64,-0.64,0.12,0.91
21.119,0.83,-0.67,0.51,1.19
21.128,0.96,-0.73,0.86,1.49
21.138,0.97,-0.78,1.06,1.63
21.148,0.86,-0.82,0.97,1.53
21.158,0.74,-0.81,0.60,1.25
21.168,0.62,-0.72,-0.03,0.95
21.178,0.49,-0.51,-0.76,1.04
21.188,0.45,-0.24,-1.38,1.47
21.198,0.47,0.02,-1.80,1.86
21.208,0.46,0.22,-2.17,2.23
21.218,0.52,0.37,-2.41,2.49
21.228,0.53,0.42,-2.41,2.50
21.238,0.52,0.48,-2.16,2.27
21.248,0.54,0.61,-1.76,1.94
21.258,0.60,0.66,-1.46,1.72
21.268,0.73,0.68,-1.34,1.67
21.278,0.81,0.69,-1.35,1.72
21.288,0.84,0.67,-1.41,1.77
21.298,0.82,0.64,-1.39,1.73
21.308,0.77,0.60,-1.32,1.64
21.318,0.67,0.53,-1.18,1.46
21.328,0.46,0.48,-0.96,1.17
21.338,0.25,0.41,-0.74,0.89
21.348,0.15,0.37,-0.63,0.74
21.358,0.09,0.35,-0.62,0.72
21.368,0.06,0.37,-0.65,0.75
21.378,0.09,0.43,-0.58,0.73
21.388,0.12,0.49,-0.40,0.65
21.398,0.08,0.58,-0.16,0.60
21.408,-0.01,0.65,0.11,0.66
21.418,-0.04,0.73,0.29,0.78
21.428,-0.01,0.73,0.36,0.81
21.438,0.07,0.70,0.28,0.76
21.448,0.12,0.67,0.30,0.74
21.458,0.24,0.59,0.42,0.76
21.468,0.27,0.46,0.72,0.90
21.478,0.22,0.25,1.11,1.16
21.488,0.15,-0.05,1.41,1.42
21.498,0.09,-0.20,1.77,1.79
21.508,-0.15,-0.20,2.03,2.04
21.518,-0.60,-0.00,1.86,1.95
21.528,-1.05,0.39,1.17,1.62
21.538,-1.24,0.78,0.25,1.48
21.548,-1.06,0.89,-0.54,1.48
21.558,-0.85,0.99,-0.88,1.57
21.568,-0.67,1.13,-0.65,1.47
21.578,-0.35,1.11,0.08,1.16
21.587,0.07,0.72,1.10,1.32
21.598,0.35,0.03,2.04,2.07
21.608,0.45,-0.68,2.61,2.74
21.618,0.27,-1.21,2.86,3.12
21.627,-0.22,-1.49,2.79,3.17
21.638,-0.77,-1.67,2.22,2.89
21.647,-1.13,-1.72,1.19,2.37
21.658,-1.26,-1.51,0.00,1.97
21.667,-1.23,-1.12,-0.86,1.87
21.678,-1.15,-0.76,-1.32,1.91
21.687,-0.91,-0.54,-1.37,1.73
21.697,-0.65,-0.41,-0.97,1.24
21.707,-0.41,-0.45,-0.23,0.65
21.717,-0.17,-0.61,0.46,0.79
21.727,0.02,-0.83,0.86,1.19
21.737,0.09,-0.92,1.02,1.37
21.747,0.07,-0.85,0.93,1.26
21.757,0.05,-0.68,0.52,0.86
21.767,0.02,-0.50,-0.08,0.51
21.777,0.00,-0.32,-0.74,0.80
21.787,-0.04,-0.11,-1.37,1.38
21.797,-0.05,0.12,-1.90,1.90
21.807,-0.11,0.35,-2.31,2.34
21.817,-0.25,0.57,-2.48,2.56
21.827,-0.40,0.70,-2.43,2.56
21.837,-0.48,0.69,-2.14,2.30
21.847,-0.49,0.52,-1.75,1.89
21.857,-0.45,0.32,-1.35,1.46
21.867,-0.43,0.16,-1.06,1.15
21.877,-0.40,0.08,-0.78,0.88
21.887,-0.33,0.04,-0.53,0.62
21.897,-0.26,0.09,-0.23,0.36
21.907,-0.18,0.18,0.12,0.28
21.917,-0.19,0.28,0.40,0.53
21.927,-0.30,0.39,0.49,0.70
21.937,-0.43,0.48,0.34,0.73
21.947,-0.56,0.52,0.01,0.77
21.957,-0.62,0.55,-0.30,0.88
21.967,-0.67,0.57,-0.40,0.96
21.977,-0.69,0.57,-0.35,0.96
21.987,-0.69,0.57,-0.08,0.90
21.997,-0.69,0.54,0.26,0.91
22.007,-0.65,0.49,0.48,0.95
22.017,-0.61,0.46,0.58,0.96
22.027,-0.52,0.48,0.63,0.95
22.037,-0.37,0.48,0.66,0.90
22.047,-0.14,0.39,0.65,0.77
22.057,0.01,0.21,0.69,0.72
22.067,0.05,-0.00,0.88,0.88
22.077,-0.03,-0.22,1.18,1.20
22.087,-0.09,-0.48,1.47,1.55
22.097,-0.27,-0.58,1.76,1.87
22.107,-0.71,-0.36,1.82,1.98
22.117,-1.04,0.06,1.45,1.79
22.127,-1.01,0.48,0.75,1.35
22.137,-0.62,0.71,0.04,0.95
22.147,0.07,0.78,-0.32,0.84
22.157,0.64,0.87,-0.14,1.09
22.167,1.12,0.69,0.43,1.38
22.177,1.47,0.21,1.18,1.90
22.187,1.52,-0.38,1.76,2.36
22.197,1.33,-0.91,2.06,2.61
22.207,1.03,-1.31,2.00,2.61
22.217,0.67,-1.61,1.64,2.40
22.227,0.33,-1.73,1.14,2.10
22.237,0.10,-1.57,0.60,1.68
22.247,0.05,-1.25,0.06,1.26
22.257,0.19,-0.92,-0.43,1.03
22.267,0.50,-0.75,-0.77,1.19
22.277,0.81,-0.63,-0.82,1.31
22.286,1.00,-0.52,-0.59,1.27
22.297,1.16,-0.56,-0.16,1.30
22.307,1.24,-0.70,0.37,1.47
22.317,1.14,-0.85,0.72,1.59
22.327,0.95,-0.99,0.86,1.62
22.336,0.74,-1.06,0.75,1.50
22.347,0.57,-1.05,0.43,1.27
22.357,0.48,-0.96,-0.07,1.08
22.366,0.54,-0.80,-0.64,1.16
22.377,0.68,-0.52,-1.13,1.42
22.386,0.80,-0.23,-1.53,1.74
22.396,0.89,-0.01,-1.78,1.99
22.406,0.98,0.25,-1.89,2.14
22.416,1.06,0.45,-1.94,2.25
22.426,1.04,0.61,-2.04,2.36
22.436,0.92,0.74,-2.20,2.50
22.446,0.75,0.82,-2.33,2.58
22.456,0.71,0.85,-2.40,2.64
22.466,0.67,0.90,-2.33,2.58
22.476,0.68,1.01,-2.17,2.48
22.486,0.68,1.11,-1.91,2.31
22.496,0.59,1.15,-1.62,2.07
22.506,0.51,1.18,-1.30,1.83
22.516,0.52,1.10,-1.01,1.58
22.526,0.53,0.96,-0.69,1.30
22.536,0.51,0.74,-0.37,0.97
22.546,0.47,0.46,-0.02,0.65
22.556,0.48,0.22,0.44,0.69
22.566,0.50,0.08,0.99,1.11
22.576,0.48,0.04,1.51,1.58
22.586,0.45,0.02,1.79,1.84
22.596,0.40,0.03,1.76,1.80
22.606,0.26,0.20,1.52,1.55
22.616,0.13,0.39,1.00,1.08
22.626,0.12,0.52,0.34,0.63
22.636,0.18,0.71,-0.13,0.75
22.646,0.27,0.94,-0.29,1.01
22.656,0.42,1.07,-0.19,1.17
22.666,0.57,1.10,0.09,1.24
22.676,0.64,1.03,0.47,1.30
22.686,0.67,0.81,0.76,1.29
22.696,0.57,0.55,1.12,1.37
22.706,0.07,0.48,1.49,1.57
22.716,-0.72,0.59,1.51,1.77
22.726,-1.26,0.72,1.02,1.77
22.736,-1.33,0.73,0.31,1.55
22.746,-1.17,0.65,-0.20,1.35
22.756,-1.03,0.56,-0.31,1.22
22.766,-0.75,0.34,-0.00,0.82
22.776,-0.36,-0.13,0.70,0.80
22.786,-0.05,-0.62,1.49,1.61
22.796,0.02,-1.03,2.14,2.38
22.806,-0.06,-1.46,2.49,2.89
22.816,-0.33,-1.78,2.47,3.07
22.826,-0.56,-2.01,2.02,2.90
22.836,-0.76,-2.04,1.22,2.50
22.846,-0.93,-1.74,0.27,1.99
22.856,-1.02,-1.34,-0.59,1.78
22.866,-0.95,-1.02,-1.39,1.97
22.876,-0.89,-0.76,-1.81,2.16
22.886,-0.69,-0.61,-1.84,2.06
22.896,-0.49,-0.57,-1.45,1.64
22.906,-0.28,-0.58,-0.58,0.86
22.916,-0.10,-0.69,0.41,0.81
22.926,0.05,-0.79,1.22,1.45
22.936,0.10,-0.83,1.52,1.74
22.946,-0.05,-0.84,1.25,1.50
22.956,-0.22,-0.80,0.54,0.99
22.965,-0.31,-0.62,-0.24,0.74
22.976,-0.27,-0.34,-0.84,0.94
22.985,-0.24,0.01,-1.38,1.40
22.996,-0.26,0.31,-1.76,1.81
23.005,-0.27,0.55,-2.11,2.20
23.016,-0.38,0.71,-2.40,2.54
23.025,-0.50,0.77,-2.53,2.70
23.036,-0.52,0.70,-2.42,2.58
23.046,-0.49,0.54,-1.95,2.08
23.056,-0.40,0.34,-1.26,1.37
23.065,-0.36,0.13,-0.62,0.73
23.076,-0.39,-0.02,-0.15,0.42
23.085,-0.47,-0.06,0.13,0.49
23.095,-0.55,-0.04,0.16,0.57
23.105,-0.52,0.03,-0.02,0.52
23.115,-0.45,0.24,-0.29,0.59
23.125,-0.37,0.49,-0.52,0.80
23.135,-0.34,0.78,-0.63,1.05
23.145,-0.27,0.99,-0.63,1.20
23.155,-0.16,1.08,-0.56,1.23
23.165,-0.13,1.14,-0.45,1.24
23.175,-0.19,1.17,-0.36,1.24
23.185,-0.22,1.15,-0.21,1.19
23.195,-0.21,1.08,0.01,1.10
23.205,-0.19,0.97,0.34,1.04
23.215,-0.23,0.87,0.71,1.15
23.225,-0.24,0.72,0.95,1.21
23.235,-0.19,0.52,1.00,1.15
23.245,-0.21,0.36,1.00,1.08
23.255,-0.25,0.29,0.98,1.06
23.265,-0.26,0.28,1.02,1.09
23.275,-0.20,0.28,1.05,1.10
23.285,-0.13,0.24,1.07,1.10
23.295,-0.10,0.17,1.00,1.02
23.305,-0.04,0.04,0.94,0.95
23.315,-0.05,-0.08,0.97,0.98
23.325,-0.34,-0.05,1.03,1.09
23.335,-0.93,0.27,1.01,1.40
23.345,-1.48,0.75,0.72,1.81
23.355,-1.43,1.10,0.23,1.82
23.365,-0.85,1.12,-0.20,1.42
23.375,-0.21,1.04,-0.19,1.08
23.385,0.36,0.96,0.32,1.08
23.395,0.81,0.57,1.05,1.44
23.405,1.17,0.02,1.80,2.15
23.415,1.34,-0.43,2.43,2.81
23.425,1.17,-0.78,2.72,3.06
23.435,0.76,-1.08,2.69,2.99
23.445,0.36,-1.42,2.18,2.63
23.455,-0.02,-1.68,1.49,2.25
23.465,-0.37,-1.77,0.83,1.99
23.475,-0.54,-1.70,0.34,1.82
23.485,-0.55,-1.53,-0.04,1.63
23.495,-0.39,-1.26,-0.34,1.37
23.505,-0.15,-0.98,-0.52,1.12
23.515,0.06,-0.67,-0.54,0.87
23.525,0.35,-0.44,-0.49,0.75
23.535,0.63,-0.30,-0.38,0.80
23.545,0.84,-0.20,-0.32,0.92
23.555,0.94,-0.11,-0.32,1.00
23.565,0.91,-0.05,-0.47,1.03
23.575,0.78,0.02,-0.74,1.08
23.585,0.62,0.00,-1.12,1.28
23.595,0.50,-0.01,-1.40,1.48
23.605,0.36,0.01,-1.47,1.51
23.615,0.29,-0.02,-1.57,1.60
23.625,0.23,-0.03,-1.72,1.73
23.635,0.20,0.08,-1.91,1.92
23.645,0.22,0.21,-2.12,2.14
23.655,0.25,0.33,-2.29,2.32
23.664,0.28,0.46,-2.42,2.48
23.675,0.26,0.59,-2.42,2.50
23.685,0.20,0.73,-2.24,2.37
23.695,0.22,0.80,-1.94,2.11
23.704,0.33,0.83,-1.60,1.84
23.714,0.44,0.91,-1.29,1.64
23.724,0.52,1.01,-0.99,1.50
23.734,0.54,1.05,-0.70,1.37
23.744,0.53,1.00,-0.43,1.21
23.754,0.46,0.95,-0.12,1.06
23.764,0.41,0.90,0.07,0.99
23.774,0.38,0.83,0.22,0.94
23.784,0.36,0.81,0.46,1.00
23.794,0.36,0.82,0.55,1.05
23.804,0.31,0.91,0.48,1.08
23.814,0.25,1.02,0.33,1.10
23.824,0.14,1.06,0.19,1.09
23.834,0.20,1.02,0.19,1.06
23.844,0.15,0.93,0.32,0.99
23.854,-0.05,0.80,0.56,0.97
23.864,-0.06,0.59,0.91,1.08
23.874,0.03,0.34,1.25,1.29
23.884,-0.03,0.23,1.58,1.60
23.894,-0.43,0.39,1.94,2.03
23.904,-1.01,0.67,1.85,2.21
23.914,-1.32,0.91,1.30,2.07
23.924,-1.17,1.06,0.84,1.79
23.934,-0.70,0.94,0.74,1.38
23.944,-0.16,0.53,1.16,1.29
23.954,0.29,-0.00,2.05,2.07
23.964,0.61,-0.55,3.05,3.15
23.974,0.43,-0.99,3.94,4.08
23.984,0.33,-1.35,4.49,4.70
23.994,0.22,-1.65,4.40,4.71
24.004,0.03,-1.87,3.48,3.95
24.014,-0.22,-1.94,2.13,2.89
24.024,-0.56,-1.76,0.61,1.95
24.034,-0.80,-1.41,-0.82,1.82
24.044,-0.79,-0.91,-1.92,2.26
24.054,-0.79,-0.33,-2.53,2.67
24.064,-0.78,0.11,-2.63,2.75
24.074,-0.67,0.25,-2.26,2.37
24.084,-0.39,0.13,-1.41,1.47
24.094,-0.23,-0.25,-0.36,0.50
24.104,-0.26,-0.68,0.53,0.90
24.114,-0.40,-1.04,1.09,1.55
24.124,-0.52,-1.32,1.28,1.91
24.134,-0.45,-1.45,1.05,1.85
24.144,-0.35,-1.36,0.55,1.51
24.154,-0.34,-1.07,-0.17,1.14
24.164,-0.36,-0.64,-0.91,1.18
24.174,-0.29,-0.25,-1.59,1.64
24.184,-0.16,0.05,-2.15,2.15
24.194,-0.20,0.27,-2.50,2.53
24.204,-0.36,0.40,-2.66,2.71
24.214,-0.47,0.43,-2.51,2.59
24.224,-0.40,0.32,-2.26,2.32
24.234,-0.30,0.19,-1.99,2.02
24.244,-0.35,0.15,-1.58,1.62
24.254,-0.45,0.13,-1.16,1.25
24.264,-0.45,0.09,-0.97,1.08
24.274,-0.47,0.07,-0.95,1.07
24.284,-0.52,0.12,-0.99,1.13
24.294,-0.63,0.27,-1.00,1.21
24.304,-0.64,0.44,-1.02,1.29
24.314,-0.61,0.60,-1.09,1.39
24.324,-0.65,0.73,-1.17,1.53
24.334,-0.69,0.84,-1.17,1.60
24.344,-0.66,0.83,-1.08,1.51
24.353,-0.64,0.75,-0.80,1.27
24.363,-0.69,0.63,-0.31,0.99
24.374,-0.71,0.52,0.33,0.94
24.383,-0.70,0.43,0.93,1.24
24.394,-0.66,0.34,1.35,1.55
24.403,-0.58,0.28,1.51,1.65
24.413,-0.50,0.31,1.38,1.50
24.423,-0.42,0.42,1.10,1.25
24.433,-0.23,0.54,0.70,0.92
24.443,0.00,0.71,0.37,0.80
24.453,0.14,0.81,0.25,0.86
24.463,0.18,0.78,0.24,0.83
24.473,0.11,0.72,0.41,0.84
24.483,-0.29,0.72,0.69,1.04
24.493,-0.81,0.80,0.81,1.40
24.503,-1.01,0.88,0.63,1.48
24.513,-0.81,0.87,0.33,1.23
24.523,-0.29,0.76,0.34,0.88
24.533,0.36,0.55,0.79,1.03
24.543,1.00,0.16,1.65,1.93
24.553,1.45,-0.34,2.65,3.03
24.563,1.63,-0.87,3.47,3.93
24.573,1.55,-1.39,3.87,4.40
24.583,1.28,-1.76,3.90,4.46
24.593,0.97,-2.05,3.42,4.10
24.603,0.67,-2.24,2.57,3.47
24.613,0.39,-2.23,1.53,2.73
24.623,0.17,-1.95,0.62,2.05
24.633,0.04,-1.46,-0.07,1.46
24.643,0.11,-0.99,-0.57,1.14
24.653,0.41,-0.69,-1.05,1.32
24.663,0.77,-0.47,-1.37,1.64
24.673,0.91,-0.24,-1.36,1.66
24.683,1.05,-0.08,-1.04,1.48
24.693,1.31,-0.10,-0.53,1.42
24.703,1.43,-0.24,-0.04,1.45
24.713,1.34,-0.41,0.22,1.42
24.723,1.10,-0.54,0.21,1.24
24.733,0.80,-0.65,-0.13,1.04
24.743,0.54,-0.67,-0.63,1.06
24.753,0.34,-0.62,-1.15,1.35
24.763,0.25,-0.51,-1.64,1.73
24.773,0.26,-0.37,-2.01,2.06
24.783,0.26,-0.18,-2.13,2.15
24.793,0.29,0.08,-2.01,2.03
24.803,0.36,0.30,-1.87,1.93
24.813,0.49,0.52,-1.67,1.81
24.823,0.56,0.68,-1.51,1.75
24.833,0.55,0.83,-1.55,1.84
24.843,0.57,0.91,-1.71,2.02
24.853,0.58,0.96,-1.86,2.17
24.863,0.58,1.00,-1.85,2.18
24.873,0.54,1.04,-1.62,2.00
24.883,0.47,1.03,-1.18,1.63
24.893,0.41,1.00,-0.64,1.26
24.903,0.41,0.91,-0.23,1.03
24.913,0.39,0.81,0.01,0.90
24.923,0.32,0.72,0.10,0.79
24.933,0.23,0.65,0.09,0.69
24.943,0.11,0.59,0.20,0.63
24.953,0.01,0.55,0.40,0.68
24.963,-0.04,0.46,0.60,0.76
24.973,-0.11,0.37,0.70,0.80
24.983,-0.17,0.37,0.73,0.84
24.993,-0.16,0.37,0.69,0.80
25.003,-0.03,0.37,0.62,0.72
25.013,0.09,0.37,0.68,0.78
25.022,0.24,0.29,0.82,0.90
25.033,0.34,0.17,1.05,1.12
25.043,0.42,-0.03,1.37,1.43
25.053,0.48,-0.13,1.82,1.89
25.063,0.42,-0.21,2.19,2.24
25.072,0.35,-0.26,2.27,2.31
25.082,0.04,-0.14,1.95,1.95
25.093,-0.40,0.09,1.23,1.30
25.102,-0.81,0.29,0.51,1.00
25.113,-0.84,0.30,0.03,0.90
25.122,-0.58,0.25,-0.07,0.63
25.132,-0.45,0.28,0.47,0.71
25.142,-0.32,0.26,1.32,1.38
25.152,-0.03,-0.03,2.13,2.13
25.162,0.29,-0.49,2.84,2.90
25.172,0.39,-0.99,3.43,3.59
25.182,0.34,-1.37,3.72,3.98
25.193,0.19,-1.59,3.45,3.80
25.202,-0.06,-1.63,2.55,3.03
25.212,-0.40,-1.47,1.14,1.90
25.222,-0.65,-1.18,-0.40,1.40
25.232,-0.68,-0.81,-1.74,2.03
25.242,-0.68,-0.40,-2.62,2.74
25.252,-0.73,-0.08,-3.13,3.21
25.262,-0.69,0.10,-3.36,3.43
25.272,-0.51,0.09,-3.23,3.27
25.282,-0.31,-0.10,-2.51,2.53
25.292,-0.14,-0.40,-1.48,1.54
25.302,0.09,-0.70,-0.60,0.92
25.312,0.30,-0.85,0.10,0.91
25.322,0.22,-0.80,0.53,0.99
25.332,0.07,-0.69,0.50,0.85
25.342,-0.07,-0.58,-0.05,0.59
25.352,-0.13,-0.42,-0.81,0.92
25.362,-0.21,-0.13,-1.36,1.38
25.372,-0.44,0.14,-1.69,1.75
25.382,-0.53,0.28,-1.93,2.02
25.392,-0.60,0.38,-1.99,2.11
25.402,-0.76,0.42,-1.83,2.03
25.412,-0.86,0.37,-1.60,1.86
25.422,-0.77,0.25,-1.29,1.52
25.432,-0.66,0.13,-0.94,1.16
25.442,-0.62,0.10,-0.70,0.94
25.452,-0.53,0.15,-0.62,0.83
25.462,-0.39,0.24,-0.57,0.73
25.472,-0.21,0.46,-0.42,0.66
25.482,-0.11,0.65,-0.23,0.70
25.492,-0.15,0.79,-0.09,0.81
25.502,-0.28,0.85,-0.00,0.90
25.512,-0.36,0.80,-0.09,0.88
25.522,-0.48,0.75,-0.16,0.90
25.532,-0.61,0.74,-0.21,0.98
25.542,-0.65,0.76,-0.34,1.06
25.552,-0.54,0.83,-0.40,1.07
25.562,-0.34,0.97,-0.28,1.06
25.572,-0.19,1.07,0.05,1.09
25.582,-0.06,1.09,0.41,1.17
25.592,0.02,1.08,0.69,1.28
25.602,-0.01,1.05,0.78,1.31
25.612,-0.03,0.97,0.84,1.29
25.622,-0.04,0.86,0.88,1.23
25.632,-0.01,0.66,0.94,1.14
25.642,0.11,0.41,0.99,1.07
25.652,0.26,0.15,1.03,1.08
25.662,0.35,-0.07,1.18,1.23
25.672,0.46,-0.29,1.30,1.41
25.682,0.44,-0.45,1.51,1.64
25.692,-0.01,-0.28,1.73,1.75
25.702,-0.72,0.19,1.66,1.82
25.712,-1.15,0.66,1.10,1.72
25.722,-1.11,0.87,0.27,1.44
25.732,-0.68,0.92,-0.36,1.20
25.742,-0.02,0.83,-0.76,1.13
25.752,0.72,0.62,-0.68,1.17
25.762,1.15,0.18,0.14,1.17
25.772,1.27,-0.39,1.23,1.81
25.781,1.22,-0.94,2.04,2.56
25.792,0.97,-1.43,2.42,2.98
25.801,0.67,-1.82,2.41,3.09
25.812,0.39,-2.05,2.14,2.99
25.821,0.21,-2.06,1.58,2.60
25.831,0.25,-1.92,0.63,2.04
25.842,0.24,-1.52,-0.28,1.57
25.851,0.17,-0.97,-0.90,1.34
25.861,0.24,-0.58,-1.37,1.51
25.871,0.41,-0.46,-1.63,1.74
25.881,0.41,-0.39,-1.62,1.72
25.891,0.29,-0.29,-1.26,1.33
25.901,0.25,-0.27,-0.86,0.93
25.911,0.35,-0.29,-0.54,0.71
25.921,0.44,-0.14,-0.32,0.55
25.931,0.46,0.08,-0.31,0.56
25.941,0.53,0.23,-0.54,0.79
25.951,0.59,0.39,-0.85,1.11
25.961,0.56,0.52,-1.13,1.37
25.971,0.47,0.68,-1.38,1.61
25.981,0.39,0.74,-1.58,1.78
25.991,0.24,0.76,-1.66,1.84
26.001,0.09,0.76,-1.69,1.86
26.011,-0.03,0.71,-1.70,1.84
26.021,-0.06,0.60,-1.65,1.75
26.031,-0.03,0.47,-1.43,1.51
26.041,-0.08,0.36,-1.07,1.13
26.051,-0.16,0.27,-0.69,0.76
26.061,-0.12,0.18,-0.40,0.46
26.071,0.01,0.11,-0.24,0.27
26.082,0.14,0.10,-0.23,0.29
26.091,0.19,0.12,-0.20,0.30
26.101,0.18,0.14,-0.09,0.25
26.111,0.18,0.18,-0.01,0.26
26.121,0.18,0.28,0.04,0.33
26.131,0.12,0.41,-0.05,0.43
26.141,0.02,0.55,-0.15,0.57
26.151,-0.12,0.68,-0.20,0.72
26.161,-0.20,0.79,-0.24,0.85
26.171,-0.16,0.83,-0.27,0.88
26.181,-0.16,0.85,-0.13,0.88
26.191,-0.17,0.92,0.22,0.96
26.201,-0.11,0.88,0.55,1.04
26.211,0.05,0.78,0.80,1.11
26.221,0.14,0.72,0.97,1.22
26.231,0.22,0.61,1.01,1.20
26.241,0.30,0.44,1.00,1.14
26.251,0.24,0.27,1.03,1.10
26.261,-0.07,0.21,1.24,1.26
26.271,-0.67,0.31,1.35,1.54
26.281,-1.26,0.55,1.07,1.74
26.291,-1.36,0.79,0.43,1.63
26.301,-1.02,0.86,-0.07,1.33
26.311,-0.47,0.81,0.05,0.93
26.321,0.05,0.64,0.96,1.16
26.331,0.46,0.29,2.36,2.42
26.341,0.61,-0.35,3.51,3.58
26.351,0.50,-0.93,4.19,4.32
26.361,0.12,-1.29,4.10,4.30
26.371,-0.27,-1.53,3.04,3.41
26.381,-0.44,-1.59,1.43,2.18
26.391,-0.55,-1.23,-0.10,1.35
26.401,-0.70,-0.77,-1.37,1.72
26.411,-0.87,-0.37,-2.21,2.40
26.420,-1.24,-0.06,-2.43,2.72
26.431,-1.57,0.02,-2.26,2.75
26.441,-1.68,-0.18,-1.75,2.43
26.451,-1.54,-0.51,-0.91,1.86
26.461,-1.24,-0.78,0.01,1.47
26.471,-0.90,-0.98,0.85,1.58
26.480,-0.68,-1.13,1.53,2.02
26.491,-0.55,-1.24,2.04,2.45
26.500,-0.44,-1.37,2.28,2.69
26.511,-0.37,-1.43,2.16,2.62
26.520,-0.29,-1.33,1.53,2.05
26.530,-0.25,-1.07,0.52,1.22
26.540,-0.28,-0.70,-0.55,0.93
26.550,-0.33,-0.32,-1.40,1.47
26.560,-0.43,-0.01,-1.92,1.97
26.570,-0.54,0.17,-2.28,2.35
26.580,-0.64,0.26,-2.50,2.59
26.590,-0.70,0.28,-2.57,2.68
26.600,-0.68,0.37,-2.49,2.61
26.610,-0.53,0.48,-2.40,2.51
26.620,-0.34,0.65,-2.30,2.41
26.630,-0.18,0.80,-2.16,2.31
26.640,-0.11,0.83,-1.88,2.06
26.650,-0.14,0.76,-1.45,1.64
26.660,-0.21,0.63,-1.00,1.20
26.670,-0.29,0.48,-0.70,0.90
26.680,-0.43,0.36,-0.49,0.75
26.690,-0.53,0.29,-0.37,0.71
26.700,-0.63,0.24,-0.32,0.75
26.710,-0.75,0.23,-0.31,0.84
26.720,-0.82,0.19,-0.35,0.91
26.730,-0.90,0.17,-0.40,1.00
26.740,-0.98,0.18,-0.43,1.08
26.750,-0.99,0.22,-0.33,1.07
26.760,-0.99,0.33,-0.13,1.05
26.770,-0.76,0.49,0.06,0.90
26.780,-0.48,0.61,0.27,0.82
26.790,-0.27,0.63,0.62,0.92
26.800,-0.04,0.50,0.96,1.08
26.810,0.15,0.33,1.13,1.18
26.820,0.25,0.13,1.16,1.20
26.830,0.28,-0.03,1.18,1.21
26.840,0.06,-0.12,1.20,1.21
26.850,-0.61,-0.06,1.18,1.32
26.860,-1.37,0.24,0.98,1.70
26.870,-1.55,0.55,0.50,1.72
26.880,-0.93,0.69,-0.05,1.16
26.890,0.15,0.42,-0.56,0.71
26.900,0.96,0.13,-0.35,1.03
26.910,1.19,-0.01,0.93,1.51
26.920,1.21,-0.34,2.55,2.84
26.930,1.36,-0.90,3.64,3.98
26.940,1.50,-1.40,3.76,4.29
26.950,1.45,-1.74,2.93,3.70
26.960,1.23,-1.90,1.71,2.83
26.970,0.92,-1.64,0.79,2.04
26.980,0.70,-1.30,0.18,1.49
26.990,0.63,-1.11,-0.23,1.30
27.000,0.33,-0.85,-0.26,0.94
27.010,-0.06,-0.66,-0.03,0.66
27.020,-0.18,-0.70,0.24,0.76
27.030,0.06,-0.82,0.52,0.98
27.040,0.33,-0.86,0.72,1.16
27.050,0.48,-0.78,0.86,1.25
27.060,0.65,-0.65,0.92,1.30
27.070,0.85,-0.52,0.94,1.37
27.080,0.96,-0.36,0.85,1.33
27.090,1.00,-0.20,0.52,1.14
27.099,1.00,0.02,0.01,1.00
27.110,1.03,0.31,-0.56,1.21
27.120,1.05,0.57,-1.13,1.65
27.130,1.09,0.83,-1.59,2.09
27.140,1.04,1.03,-1.93,2.42
27.149,1.03,1.17,-2.26,2.75
27.160,0.88,1.27,-2.43,2.88
27.170,0.69,1.29,-2.52,2.92
27.179,0.53,1.19,-2.44,2.77
27.190,0.41,1.09,-2.20,2.49
27.199,0.44,1.03,-1.98,2.27
27.210,0.53,0.92,-1.85,2.14
27.219,0.45,0.83,-1.58,1.84
27.229,0.39,0.71,-1.20,1.45
27.239,0.47,0.54,-0.90,1.15
27.249,0.52,0.43,-0.71,0.98
27.259,0.49,0.45,-0.49,0.83
27.269,0.46,0.45,-0.32,0.72
27.279,0.54,0.49,-0.06,0.73
27.289,0.57,0.57,0.29,0.86
27.299,0.52,0.58,0.55,0.95
27.309,0.43,0.57,0.60,0.93
27.319,0.26,0.56,0.40,0.74
27.329,0.11,0.62,0.05,0.63
27.339,0.08,0.71,-0.31,0.78
27.349,0.05,0.88,-0.47,1.00
27.359,0.07,1.03,-0.28,1.08
27.369,0.17,1.04,0.10,1.06
27.379,0.30,0.89,0.53,1.08
27.389,0.37,0.71,0.91,1.21
27.399,0.35,0.50,1.21,1.36
27.409,0.39,0.25,1.32,1.40
27.419,0.25,0.12,1.63,1.66
27.429,-0.12,0.10,1.99,1.99
27.439,-0.64,0.26,2.06,2.17
27.449,-1.25,0.61,1.47,2.03
27.459,-1.50,0.93,0.40,1.81
27.469,-1.15,0.99,-0.57,1.62
27.479,-0.42,0.90,-1.01,1.42
27.489,0.24,0.65,-0.50,0.86
27.499,0.64,0.12,1.05,1.24
27.509,0.77,-0.75,2.78,2.98
27.519,0.61,-1.58,4.12,4.45
27.529,0.26,-2.13,4.88,5.33
27.539,-0.18,-2.40,4.73,5.31
27.549,-0.54,-2.57,3.47,4.35
27.559,-0.80,-2.45,1.41,2.94
27.569,-1.01,-1.93,-0.65,2.27
27.579,-1.07,-1.16,-2.13,2.65
27.589,-1.04,-0.47,-2.96,3.17
27.599,-0.90,-0.04,-3.13,3.26
27.609,-0.74,0.21,-2.55,2.67
27.619,-0.56,0.10,-1.35,1.46
27.629,-0.27,-0.24,-0.05,0.36
27.639,-0.10,-0.56,1.04,1.19
27.649,-0.11,-0.82,1.71,1.90
27.659,-0.08,-1.03,1.94,2.20
27.669,-0.09,-1.14,1.84,2.17
27.679,-0.17,-1.11,1.41,1.80
27.689,-0.27,-0.97,0.71,1.23
27.699,-0.28,-0.69,-0.15,0.76
27.709,-0.24,-0.37,-0.99,1.09
27.719,-0.21,-0.08,-1.66,1.67
27.729,-0.31,0.16,-2.07,2.09
27.739,-0.42,0.25,-2.28,2.33
27.749,-0.41,0.22,-2.30,2.35
27.759,-0.40,0.13,-2.19,2.23
27.769,-0.45,0.07,-2.01,2.06
27.779,-0.49,0.05,-1.79,1.85
27.789,-0.46,0.03,-1.64,1.71
27.799,-0.41,0.01,-1.53,1.58
27.809,-0.41,0.07,-1.38,1.44
27.818,-0.47,0.14,-1.26,1.35
27.829,-0.50,0.24,-1.21,1.33
27.838,-0.46,0.36,-1.21,1.34
27.849,-0.45,0.54,-1.28,1.46
27.859,-0.54,0.69,-1.38,1.63
27.869,-0.62,0.75,-1.34,1.66
27.879,-0.61,0.72,-1.16,1.49
27.888,-0.67,0.67,-0.72,1.19
27.898,-0.77,0.58,-0.24,1.00
27.909,-0.79,0.46,0.13,0.92
27.918,-0.70,0.35,0.44,0.90
27.929,-0.50,0.38,0.73,0.96
27.938,-0.28,0.57,1.10,1.27
27.948,-0.07,0.68,1.37,1.53
27.958,0.10,0.63,1.42,1.56
27.969,0.06,0.53,1.38,1.47
27.978,-0.10,0.35,1.30,1.35
27.988,-0.22,0.14,1.15,1.18
27.998,-0.21,0.02,1.03,1.06
28.008,-0.26,-0.06,0.96,1.00
28.018,-0.53,0.01,0.93,1.07
28.028,-0.97,0.28,0.81,1.29
28.038,-1.10,0.51,0.53,1.32
28.048,-0.73,0.50,0.37,0.96
28.058,-0.07,0.41,0.50,0.65
28.068,0.66,0.23,1.05,1.26
28.078,1.19,-0.15,2.01,2.34
28.088,1.49,-0.62,3.06,3.45
28.098,1.74,-1.19,3.73,4.28
28.108,1.78,-1.73,4.02,4.73
28.118,1.53,-1.98,4.00,4.72
28.128,1.20,-2.00,3.39,4.11
28.138,1.01,-1.85,2.12,2.99
28.148,0.98,-1.44,0.56,1.83
28.158,1.01,-0.78,-0.80,1.51
28.168,1.00,-0.09,-1.70,1.97
28.178,1.06,0.40,-2.10,2.38
28.188,1.15,0.57,-2.20,2.55
28.198,1.19,0.55,-2.01,2.40
28.208,1.16,0.35,-1.53,1.95
28.218,1.23,0.04,-0.78,1.46
28.228,1.35,-0.31,0.04,1.39
28.238,1.39,-0.53,0.62,1.61
28.248,1.23,-0.63,1.03,1.73
28.258,0.96,-0.67,1.16,1.65
28.268,0.70,-0.70,0.93,1.36
28.278,0.56,-0.70,0.34,0.95
28.288,0.44,-0.61,-0.46,0.88
28.298,0.36,-0.38,-1.20,1.31
28.308,0.37,-0.12,-1.75,1.79
28.318,0.41,0.17,-2.03,2.08
28.328,0.50,0.42,-2.10,2.20
28.338,0.57,0.60,-2.01,2.18
28.348,0.53,0.77,-1.88,2.10
28.358,0.54,0.84,-1.85,2.10
28.368,0.54,0.88,-1.88,2.15
28.378,0.54,0.93,-1.89,2.18
28.388,0.54,0.96,-1.89,2.19
28.398,0.52,0.97,-1.78,2.09
28.408,0.47,0.94,-1.59,1.91
28.418,0.35,0.88,-1.29,1.60
28.428,0.30,0.82,-0.99,1.32
28.438,0.33,0.83,-0.70,1.13
28.448,0.44,0.84,-0.44,1.05
28.458,0.53,0.88,-0.10,1.03
28.468,0.49,0.88,0.24,1.04
28.478,0.46,0.82,0.47,1.06
28.488,0.41,0.73,0.59,1.03
28.498,0.33,0.63,0.57,0.91
28.508,0.15,0.56,0.47,0.74
28.517,-0.02,0.56,0.35,0.66
28.528,-0.10,0.59,0.28,0.66
28.537,-0.07,0.65,0.23,0.69
28.547,-0.03,0.68,0.32,0.75
28.558,-0.02,0.61,0.51,0.79
28.567,0.08,0.47,0.79,0.93
28.577,0.15,0.35,1.05,1.12
28.587,0.29,0.17,1.19,1.24
28.597,0.43,0.09,1.35,1.41
28.607,0.27,0.16,1.54,1.57
28.617,-0.11,0.32,1.59,1.62
28.627,-0.59,0.59,1.26,1.51
28.637,-0.98,0.83,0.59,1.42
28.647,-1.09,0.89,-0.02,1.41
28.657,-0.82,0.88,-0.30,1.24
28.667,-0.22,0.70,-0.14,0.75
28.677,0.44,0.38,0.70,0.91
28.687,0.91,-0.14,1.87,2.08
28.697,0.97,-0.77,2.82,3.08
28.707,0.81,-1.29,3.54,3.86
28.717,0.44,-1.58,3.88,4.21
28.727,0.12,-1.86,3.46,3.93
28.737,-0.14,-2.04,2.26,3.05
28.747,-0.39,-1.87,0.58,1.99
28.757,-0.53,-1.37,-0.90,1.72
28.767,-0.69,-0.70,-1.93,2.16
28.777,-0.83,-0.29,-2.51,2.66
28.787,-0.76,-0.10,-2.63,2.74
28.797,-0.69,-0.03,-2.19,2.30
28.807,-0.57,-0.10,-1.20,1.33
28.817,-0.31,-0.33,0.16,0.48
28.827,-0.01,-0.63,1.45,1.58
28.837,0.09,-0.90,2.36,2.53
28.847,0.09,-1.16,2.68,2.92
28.857,-0.01,-1.32,2.56,2.88
28.867,-0.19,-1.36,1.97,2.40
28.877,-0.34,-1.31,0.99,1.68
28.887,-0.48,-1.14,-0.07,1.24
28.897,-0.63,-0.90,-1.00,1.49
28.907,-0.62,-0.58,-1.64,1.85
28.917,-0.51,-0.26,-2.11,2.18
28.927,-0.39,0.03,-2.44,2.47
28.937,-0.36,0.29,-2.63,2.67
28.947,-0.35,0.34,-2.84,2.88
28.957,-0.34,0.30,-2.85,2.88
28.967,-0.41,0.23,-2.60,2.64
28.977,-0.48,0.17,-2.25,2.31
28.987,-0.49,0.10,-1.85,1.91
28.997,-0.48,0.09,-1.44,1.52
29.007,-0.47,0.11,-1.12,1.22
29.017,-0.46,0.16,-1.03,1.14
29.027,-0.46,0.27,-1.07,1.20
29.037,-0.52,0.45,-1.20,1.38
29.047,-0.57,0.61,-1.34,1.58
29.057,-0.61,0.73,-1.41,1.70
29.067,-0.61,0.76,-1.31,1.64
29.077,-0.61,0.78,-1.01,1.41
29.087,-0.59,0.79,-0.57,1.14
29.097,-0.51,0.81,-0.05,0.96
29.107,-0.45,0.84,0.38,1.02
29.117,-0.48,0.82,0.69,1.18
29.127,-0.53,0.83,0.86,1.31
29.137,-0.52,0.80,0.78,1.24
29.147,-0.42,0.75,0.49,0.99
29.157,-0.30,0.76,0.23,0.85
29.167,-0.26,0.79,0.12,0.84
29.177,-0.16,0.75,0.13,0.78
29.187,-0.07,0.70,0.28,0.75
29.197,-0.07,0.64,0.60,0.88
29.207,0.04,0.49,0.93,1.06
29.217,0.17,0.33,1.23,1.28
29.227,0.24,0.16,1.44,1.47
29.237,-0.13,0.07,1.59,1.59
29.247,-0.72,0.29,1.64,1.82
29.257,-0.73,0.51,1.36,1.62
29.267,-0.29,0.68,0.65,0.99
29.277,0.18,0.88,-0.22,0.92
29.287,0.56,0.93,-0.74,1.31
29.297,0.99,0.70,-0.47,1.30
29.307,1.56,0.29,0.65,1.71
29.316,1.79,-0.18,2.03,2.71
29.327,1.56,-0.85,3.17,3.63
29.336,1.18,-1.46,3.85,4.29
29.347,0.86,-1.95,3.79,4.35
29.356,0.55,-2.27,2.99,3.80
29.366,0.18,-2.24,1.84,2.91
29.376,-0.01,-1.94,0.61,2.04
29.386,-0.05,-1.46,-0.25,1.49
29.396,-0.14,-0.94,-0.71,1.19
29.406,-0.15,-0.46,-0.90,1.02
29.416,0.11,-0.25,-0.88,0.93
29.426,0.35,-0.21,-0.69,0.80
29.436,0.38,-0.16,-0.39,0.57
29.446,0.39,-0.08,-0.14,0.42
29.456,0.41,-0.08,-0.10,0.43
29.466,0.42,-0.12,-0.20,0.48
29.476,0.32,-0.09,-0.35,0.48
29.486,0.25,-0.05,-0.49,0.55
29.496,0.14,0.01,-0.62,0.64
29.506,0.12,0.10,-0.75,0.77
29.516,0.18,0.21,-0.88,0.92
29.526,0.21,0.34,-1.08,1.16
29.536,0.25,0.45,-1.30,1.39
29.546,0.21,0.50,-1.39,1.49
29.556,0.12,0.51,-1.33,1.43
29.566,0.02,0.42,-1.15,1.22
29.576,-0.14,0.28,-0.88,0.93
29.586,-0.28,0.12,-0.61,0.68
29.596,-0.24,-0.00,-0.43,0.50
29.606,-0.12,-0.06,-0.53,0.55
29.616,-0.02,0.01,-0.63,0.63
29.626,0.21,0.15,-0.71,0.76
29.636,0.31,0.32,-0.77,0.89
29.646,0.38,0.43,-0.75,0.94
29.656,0.38,0.49,-0.69,0.93
29.666,0.36,0.48,-0.70,0.92
29.676,0.34,0.47,-0.70,0.91
29.686,0.31,0.52,-0.67,0.90
29.696,0.27,0.59,-0.68,0.94
29.706,0.12,0.64,-0.66,0.93
29.716,0.03,0.71,-0.51,0.88
29.726,-0.04,0.72,-0.43,0.84
29.736,-0.06,0.74,-0.31,0.80
29.746,0.01,0.77,-0.07,0.77
29.756,0.16,0.79,0.23,0.84
29.766,0.27,0.84,0.48,1.00
29.776,0.40,0.88,0.58,1.13
29.786,0.57,0.89,0.80,1.32
29.796,0.61,0.83,1.06,1.48
29.806,0.79,0.54,1.36,1.66
29.816,0.72,0.23,1.58,1.76
29.826,0.37,0.09,1.73,1.77
29.836,-0.20,0.13,1.80,1.82
29.846,-0.81,0.43,1.45,1.71
29.856,-1.05,0.79,0.65,1.46
29.866,-0.95,1.00,-0.14,1.39
29.876,-0.68,1.10,-0.50,1.38
29.886,-0.37,1.03,-0.23,1.11
29.896,0.14,0.77,0.57,0.96
29.906,0.54,0.33,1.54,1.66
29.916,0.63,-0.21,2.29,2.38
29.926,0.58,-0.78,2.78,2.95
29.936,0.24,-1.22,2.97,3.22
29.946,-0.26,-1.53,2.64,3.06
29.955,-0.71,-1.68,1.79,2.56
29.966,-1.02,-1.65,0.73,2.07
29.976,-1.10,-1.44,-0.31,1.84
29.986,-1.13,-1.14,-1.09,1.94
29.995,-1.08,-0.87,-1.47,2.02
30.005,-0.79,-0.68,-1.44,1.77
30.015,-0.45,-0.62,-0.94,1.21
30.026,-0.28,-0.69,-0.22,0.78
30.035,-0.20,-0.82,0.35,0.91
30.045,-0.17,-0.94,0.62,1.14
30.055,-0.19,-1.03,0.51,1.17
30.065,-0.29,-1.10,0.14,1.14
30.075,-0.38,-1.10,-0.39,1.23
30.085,-0.44,-0.97,-0.89,1.38
30.095,-0.53,-0.75,-1.34,1.62
30.105,-0.51,-0.44,-1.70,1.83
30.115,-0.40,-0.03,-2.03,2.06
30.125,-0.36,0.35,-2.30,2.35
30.135,-0.45,0.58,-2.46,2.57
30.145,-0.52,0.63,-2.47,2.60
30.155,-0.56,0.56,-2.22,2.36
30.165,-0.59,0.38,-1.74,1.88
30.175,-0.59,0.15,-1.16,1.31
30.185,-0.60,-0.04,-0.53,0.80
30.195,-0.64,-0.17,-0.05,0.66
30.205,-0.59,-0.17,0.27,0.67
30.215,-0.48,-0.02,0.36,0.60
30.225,-0.36,0.16,0.25,0.46
30.235,-0.31,0.40,-0.08,0.51
30.245,-0.32,0.65,-0.42,0.84
30.255,-0.41,0.91,-0.69,1.21
30.265,-0.38,0.99,-0.84,1.35
30.275,-0.44,1.02,-0.82,1.39
30.285,-0.57,1.04,-0.72,1.39
30.295,-0.58,1.00,-0.53,1.28
30.305,-0.55,0.96,-0.22,1.13
30.315,-0.48,0.91,0.10,1.04
30.325,-0.39,0.85,0.43,1.03
30.335,-0.18,0.77,0.71,1.07
30.345,-0.01,0.69,0.99,1.21
30.355,0.01,0.67,1.11,1.30
30.365,0.18,0.50,1.07,1.19
30.375,0.24,0.29,1.01,1.08
30.385,0.03,0.20,0.89,0.91
30.395,-0.08,0.06,0.71,0.71
30.405,-0.10,-0.08,0.55,0.57
30.415,-0.24,-0.07,0.49,0.55
30.425,-0.64,0.17,0.44,0.80
30.435,-1.11,0.52,0.25,1.25
30.445,-1.11,0.74,-0.05,1.33
30.455,-0.51,0.72,-0.23,0.91
30.465,0.12,0.60,-0.09,0.61
30.475,0.61,0.35,0.43,0.82
30.485,0.96,-0.08,1.33,1.65
30.495,1.18,-0.62,2.32,2.67
30.505,1.36,-1.19,3.03,3.53
30.515,1.18,-1.52,3.21,3.74
30.525,1.18,-1.82,2.95,3.66
30.535,1.00,-1.92,2.39,3.22
30.545,0.55,-1.77,1.50,2.38
30.555,0.22,-1.52,0.63,1.66
30.565,0.13,-1.14,0.10,1.15
30.575,0.07,-0.79,-0.27,0.84
30.585,0.11,-0.66,-0.53,0.85
30.595,0.19,-0.57,-0.63,0.87
30.605,0.24,-0.48,-0.52,0.74
30.615,0.31,-0.46,-0.25,0.61
30.625,0.45,-0.53,0.09,0.70
30.634,0.63,-0.57,0.45,0.96
30.645,0.78,-0.58,0.70,1.20
30.654,0.78,-0.56,0.76,1.23
30.665,0.67,-0.49,0.59,1.02
30.675,0.60,-0.36,0.12,0.71
30.684,0.56,-0.18,-0.57,0.82
30.694,0.55,0.06,-1.22,1.34
30.704,0.53,0.30,-1.73,1.83
30.714,0.50,0.51,-1.99,2.11
30.725,0.34,0.65,-2.20,2.32
30.734,0.22,0.71,-2.40,2.51
30.745,0.17,0.77,-2.42,2.55
30.754,0.13,0.78,-2.28,2.41
30.764,0.08,0.73,-2.08,2.21
30.774,0.10,0.66,-1.73,1.86
30.784,0.20,0.57,-1.38,1.51
30.794,0.31,0.51,-1.06,1.22
30.804,0.31,0.50,-0.76,0.96
30.814,0.27,0.50,-0.51,0.76
30.824,0.23,0.45,-0.38,0.64
30.834,0.16,0.37,-0.25,0.47
30.844,0.05,0.27,-0.13,0.30
30.854,-0.04,0.15,0.01,0.16
30.864,0.02,0.06,0.17,0.18
30.874,0.02,0.06,0.37,0.38
30.884,-0.05,0.12,0.54,0.56
30.894,-0.09,0.25,0.59,0.65
30.904,-0.03,0.45,0.50,0.67
30.914,0.06,0.70,0.26,0.75
30.924,0.18,0.96,-0.04,0.98
30.934,0.30,1.17,-0.23,1.23
30.944,0.31,1.32,-0.23,1.37
30.954,0.28,1.36,-0.03,1.39
30.964,0.31,1.30,0.21,1.35
30.974,0.33,1.09,0.49,1.24
30.984,0.38,0.85,0.76,1.21
30.994,0.42,0.59,1.03,1.26
31.004,0.48,0.30,1.27,1.39
31.014,0.42,0.10,1.59,1.65
31.024,0.16,0.03,1.87,1.88
31.034,-0.30,0.11,1.83,1.86
31.044,-0.91,0.41,1.22,1.58
31.054,-1.27,0.81,0.06,1.51
31.064,-1.21,1.03,-1.05,1.90
31.074,-0.89,1.09,-1.55,2.10
31.084,-0.68,1.09,-1.23,1.78
31.094,-0.51,0.91,-0.22,1.06
31.104,-0.29,0.39,0.90,1.02
31.114,-0.08,-0.28,1.70,1.73
31.124,-0.07,-0.84,2.09,2.25
31.134,-0.27,-1.30,2.05,2.45
31.144,-0.56,-1.62,1.66,2.39
31.154,-0.84,-1.75,1.06,2.21
31.164,-0.95,-1.67,0.30,1.94
31.174,-0.93,-1.39,-0.40,1.72
31.184,-0.84,-1.08,-0.84,1.60
31.194,-0.62,-0.91,-0.81,1.37
31.204,-0.43,-0.93,-0.21,1.04
31.214,-0.39,-1.18,0.63,1.39
31.224,-0.44,-1.57,1.40,2.15
31.234,-0.53,-1.88,1.98,2.78
31.244,-0.59,-2.09,2.25,3.12
31.254,-0.62,-2.12,1.97,2.96
31.264,-0.57,-1.93,1.15,2.32
31.274,-0.45,-1.50,0.01,1.57
31.284,-0.30,-0.91,-1.02,1.40
31.294,0.01,-0.33,-1.88,1.91
31.304,0.18,0.27,-2.35,2.37
31.314,0.02,0.70,-2.61,2.71
31.324,-0.15,0.85,-2.74,2.87
31.334,-0.37,0.85,-2.57,2.73
31.344,-0.57,0.70,-2.33,2.50
31.354,-0.67,0.46,-2.14,2.29
31.364,-0.72,0.17,-1.95,2.09
31.374,-0.72,-0.06,-1.68,1.83
31.384,-0.67,-0.25,-1.31,1.49
31.394,-0.54,-0.31,-0.94,1.12
31.403,-0.36,-0.25,-0.61,0.75
31.413,-0.20,-0.13,-0.29,0.38
31.423,-0.19,0.01,-0.17,0.26
31.433,-0.24,0.12,-0.28,0.38
31.444,-0.25,0.27,-0.49,0.61
31.454,-0.29,0.46,-0.71,0.90
31.463,-0.39,0.62,-0.89,1.15
31.473,-0.48,0.73,-0.82,1.19
31.483,-0.59,0.76,-0.48,1.08
31.493,-0.64,0.72,-0.06,0.97
31.503,-0.59,0.61,0.21,0.88
31.513,-0.60,0.46,0.46,0.88
31.523,-0.59,0.35,0.81,1.06
31.533,-0.42,0.29,1.16,1.27
31.543,-0.21,0.28,1.44,1.48
31.553,-0.06,0.32,1.53,1.57
31.563,-0.06,0.32,1.44,1.48
31.573,-0.12,0.30,1.30,1.34
31.583,-0.10,0.27,1.03,1.07
31.593,0.05,0.18,0.69,0.71
31.603,0.20,0.14,0.43,0.50
31.613,0.23,0.12,0.35,0.44
31.623,0.20,0.11,0.39,0.45
31.633,-0.14,0.24,0.43,0.51
31.643,-0.58,0.57,0.26,0.85
31.653,-0.64,0.88,-0.04,1.09
31.663,-0.41,1.06,-0.36,1.20
31.673,-0.15,1.28,-0.53,1.39
31.683,0.31,1.39,-0.54,1.53
31.693,1.09,1.15,-0.21,1.60
31.703,1.80,0.57,0.76,2.04
31.713,2.11,-0.20,2.14,3.01
31.723,1.90,-0.93,3.35,3.96
31.733,1.51,-1.53,4.12,4.65
31.743,1.22,-2.01,4.28,4.89
31.753,0.91,-2.29,3.73,4.47
31.763,0.63,-2.31,2.44,3.42
31.773,0.53,-2.06,0.91,2.31
31.783,0.45,-1.58,-0.17,1.65
31.793,0.42,-1.02,-0.74,1.32
31.803,0.57,-0.57,-0.97,1.26
31.813,0.78,-0.30,-1.00,1.30
31.823,0.95,-0.12,-0.99,1.37
31.833,1.02,-0.05,-0.89,1.36
31.843,0.94,-0.09,-0.71,1.19
31.853,0.87,-0.20,-0.52,1.03
31.863,0.81,-0.31,-0.42,0.97
31.873,0.63,-0.33,-0.47,0.85
31.883,0.40,-0.27,-0.71,0.86
31.893,0.28,-0.17,-1.03,1.08
31.903,0.30,-0.03,-1.40,1.43
31.913,0.38,0.11,-1.74,1.79
31.923,0.39,0.23,-1.91,1.96
31.933,0.35,0.31,-1.89,1.94
31.943,0.30,0.31,-1.63,1.68
31.953,0.22,0.28,-1.27,1.32
31.963,0.10,0.22,-1.02,1.05
31.973,-0.03,0.13,-0.92,0.93
31.983,-0.15,0.05,-0.93,0.95
31.993,-0.17,0.00,-0.94,0.95
32.003,-0.14,0.02,-0.89,0.90
32.013,-0.12,0.12,-0.69,0.71
32.023,0.01,0.24,-0.50,0.55
32.033,0.11,0.39,-0.33,0.52
32.043,0.21,0.54,-0.17,0.60
32.053,0.24,0.58,0.01,0.62
32.063,0.25,0.49,0.20,0.59
32.072,0.21,0.31,0.45,0.59
32.083,0.14,0.14,0.64,0.67
32.093,0.08,0.03,0.67,0.68
32.103,-0.05,0.03,0.56,0.56
32.113,-0.17,0.14,0.37,0.43
32.122,-0.11,0.27,0.11,0.31
32.132,0.07,0.42,-0.10,0.43
32.143,-0.01,0.75,-0.21,0.78
32.152,-0.02,1.05,-0.28,1.09
32.163,0.24,1.25,-0.23,1.29
32.173,0.43,1.39,-0.06,1.46
32.182,0.55,1.43,0.20,1.55
32.192,0.68,1.32,0.54,1.57
32.202,0.83,1.04,0.88,1.60
32.212,0.79,0.73,1.14,1.56
32.222,0.64,0.38,1.54,1.71
32.232,0.33,0.15,2.00,2.03
32.242,-0.16,0.16,2.12,2.13
32.252,-0.63,0.37,1.53,1.69
32.262,-0.74,0.62,0.51,1.09
32.272,-0.57,0.75,-0.32,1.00
32.282,-0.37,0.83,-0.59,1.08
32.292,-0.20,0.88,-0.36,0.97
32.302,0.09,0.66,0.20,0.70
32.312,0.46,0.16,1.00,1.11
32.322,0.71,-0.49,1.75,1.95
32.332,0.69,-1.10,2.26,2.60
32.342,0.41,-1.57,2.47,2.95
32.352,0.02,-1.93,2.25,2.96
32.362,-0.31,-2.06,1.57,2.61
32.372,-0.50,-1.95,0.55,2.08
32.382,-0.71,-1.55,-0.50,1.78
32.392,-0.96,-1.04,-1.41,1.99
32.402,-0.96,-0.65,-2.00,2.32
32.412,-0.87,-0.37,-2.14,2.34
32.422,-0.78,-0.21,-1.73,1.91
32.432,-0.59,-0.29,-0.78,1.02
32.442,-0.35,-0.62,0.47,0.85
32.452,-0.08,-1.03,1.63,1.93
32.462,0.09,-1.41,2.42,2.80
32.472,0.12,-1.73,2.73,3.24
32.482,0.01,-1.95,2.54,3.20
32.492,-0.09,-2.01,1.93,2.79
32.502,-0.12,-1.85,1.02,2.12
32.512,-0.17,-1.48,-0.01,1.49
32.522,-0.23,-1.01,-0.93,1.39
32.532,-0.19,-0.59,-1.76,1.87
32.542,-0.16,-0.17,-2.30,2.31
32.552,-0.14,0.18,-2.59,2.60
32.562,-0.04,0.39,-2.60,2.63
32.572,0.02,0.47,-2.20,2.25
32.582,0.06,0.38,-1.83,1.87
32.592,0.15,0.27,-1.47,1.50
32.602,0.25,0.16,-1.08,1.12
32.612,0.17,-0.02,-0.84,0.85
32.622,0.10,-0.31,-0.63,0.71
32.632,0.08,-0.54,-0.34,0.64
32.642,-0.05,-0.62,-0.14,0.64
32.652,-0.17,-0.57,-0.27,0.65
32.662,-0.18,-0.43,-0.46,0.65
32.672,-0.11,-0.20,-0.38,0.45
32.682,-0.11,-0.04,-0.30,0.32
32.692,-0.19,-0.05,-0.53,0.57
32.702,-0.20,-0.05,-0.79,0.82
32.712,-0.18,0.03,-0.88,0.90
32.722,-0.14,0.15,-0.91,0.94
32.732,-0.15,0.13,-0.88,0.90
32.742,-0.12,0.05,-0.69,0.70
32.751,-0.01,0.02,-0.40,0.40
32.762,0.13,0.11,0.02,0.17
32.772,0.30,-0.06,0.45,0.54
32.782,0.40,-0.29,0.50,0.71
